"","link","name","nb_jlm2017","tx_jlm2017","abstention","exprimés"
"1","075/075056AR01.html","Paris 1er arrondissement",1231,13.64,1646,9026
"2","075/075056AR02.html","Paris 2ème arrondissement",1802,15.96,1937,11292
"3","075/075056AR03.html","Paris 3ème arrondissement",3078,16.65,2997,18485
"4","075/075056AR04.html","Paris 4ème arrondissement",2329,15.42,2622,15106
"5","075/075056AR05.html","Paris 5ème arrondissement",4960,16,4684,31008
"6","075/075056AR06.html","Paris 6ème arrondissement",2038,9.13,3294,22332
"7","075/075056AR07.html","Paris 7ème arrondissement",1552,5.58,4021,27798
"8","075/075056AR08.html","Paris 8ème arrondissement",1392,6.73,3286,20698
"9","075/075056AR09.html","Paris 9ème arrondissement",4783,14.52,5172,32940
"10","075/075056AR10.html","Paris 10ème arrondissement",11396,25.46,8788,44766
"11","075/075056AR11.html","Paris 11ème arrondissement",17877,23.76,13383,75237
"12","075/075056AR12.html","Paris 12ème arrondissement",15613,20.8,14368,75050
"13","075/075056AR13.html","Paris 13ème arrondissement",21681,24.46,18594,88639
"14","075/075056AR14.html","Paris 14ème arrondissement",13382,19.27,12752,69461
"15","075/075056AR15.html","Paris 15ème arrondissement",15608,13.12,21099,118947
"16","075/075056AR16.html","Paris 16ème arrondissement",4315,5.4,13937,79954
"17","075/075056AR17.html","Paris 17ème arrondissement",10677,12.94,14564,82482
"18","075/075056AR18.html","Paris 18ème arrondissement",23867,28.38,19499,84099
"19","075/075056AR19.html","Paris 19ème arrondissement",24455,30.7,21759,79665
"20","075/075056AR20.html","Paris 20ème arrondissement",28512,31.83,21798,89574
"21","077/077001.html","Achères-la-Forêt",93,12.76,134,729
"22","077/077002.html","Amillis",71,14.98,78,474
"23","077/077003.html","Amponville",37,14.51,46,255
"24","077/077004.html","Andrezel",29,13.3,30,218
"25","077/077005.html","Annet-sur-Marne",264,15.05,287,1754
"26","077/077006.html","Arbonne-la-Forêt",88,15.91,140,553
"27","077/077007.html","Argentières",27,11.49,43,235
"28","077/077008.html","Armentières-en-Brie",62,11.05,256,561
"29","077/077009.html","Arville",5,5.81,15,86
"30","077/077010.html","Aubepierre-Ozouer-le-Repos",81,15.58,69,520
"31","077/077011.html","Aufferville",60,20,80,300
"32","077/077012.html","Augers-en-Brie",27,13.24,45,204
"33","077/077013.html","Aulnoy",48,18.82,50,255
"34","077/077014.html","Avon",1355,20.01,1712,6773
"35","077/077015.html","Baby",1,1.96,10,51
"36","077/077016.html","Bagneaux-sur-Loing",144,19.07,211,755
"37","077/077018.html","Bailly-Romainvilliers",621,18.66,756,3328
"38","077/077019.html","Balloy",32,16.16,35,198
"39","077/077020.html","Bannost-Villegagnon",70,18.62,63,376
"40","077/077021.html","Barbey",24,20.87,15,115
"41","077/077022.html","Barbizon",92,9.03,234,1019
"42","077/077023.html","Barcy",30,16.04,30,187
"43","077/077024.html","Bassevelle",31,15.82,37,196
"44","077/077025.html","Bazoches-lès-Bray",88,16.12,110,546
"45","077/077026.html","Beauchery-Saint-Martin",35,15.15,42,231
"46","077/077027.html","Beaumont-du-Gâtinais",102,18.72,148,545
"47","077/077028.html","Beautheil",80,17.7,81,452
"48","077/077029.html","Beauvoir",21,15.44,17,136
"49","077/077030.html","Bellot",61,14.56,124,419
"50","077/077031.html","Bernay-Vilbert",98,18.67,81,525
"51","077/077032.html","Beton-Bazoches",53,13.8,127,384
"52","077/077033.html","Bezalles",23,17.16,40,134
"53","077/077034.html","Blandy",58,12.55,72,462
"54","077/077035.html","Blennes",67,18.56,61,361
"55","077/077037.html","Bois-le-Roi",625,15.79,843,3957
"56","077/077036.html","Boisdon",3,3.66,17,82
"57","077/077038.html","Boissettes",30,11.76,56,255
"58","077/077039.html","Boissise-la-Bertrand",74,11.71,133,632
"59","077/077040.html","Boissise-le-Roi",322,14.21,504,2266
"60","077/077041.html","Boissy-aux-Cailles",22,10.73,33,205
"61","077/077042.html","Boissy-le-Châtel",365,18.31,487,1993
"62","077/077043.html","Boitron",35,17.77,45,197
"63","077/077044.html","Bombon",116,21.28,95,545
"64","077/077045.html","Bougligny",64,15.61,120,410
"65","077/077046.html","Boulancourt",26,11.56,61,225
"66","077/077047.html","Bouleurs",145,16.86,234,860
"67","077/077048.html","Bourron-Marlotte",228,13.23,366,1724
"68","077/077049.html","Boutigny",74,12.21,109,606
"69","077/077050.html","Bransles",63,20.59,57,306
"70","077/077051.html","Bray-sur-Seine",187,17.61,455,1062
"71","077/077053.html","Brie-Comte-Robert",1472,18.45,2426,7978
"72","077/077055.html","Brou-sur-Chantereine",557,27.86,722,1999
"73","077/077052.html","Bréau",61,28.77,56,212
"74","077/077056.html","Burcy",21,22.58,23,93
"75","077/077057.html","Bussières",32,14.55,66,220
"76","077/077058.html","Bussy-Saint-Georges",2154,18.23,2746,11815
"77","077/077059.html","Bussy-Saint-Martin",59,12.77,91,462
"78","077/077060.html","Buthiers",69,14.97,80,461
"79","077/077061.html","Cannes-Ecluse",243,18.79,329,1293
"80","077/077062.html","Carnetin",53,21.12,48,251
"81","077/077066.html","Cerneux",22,12.5,43,176
"82","077/077067.html","Cesson",1239,21.05,1229,5887
"83","077/077068.html","Cessoy-en-Montois",24,16.22,21,148
"84","077/077069.html","Chailly-en-Bière",160,13.16,287,1216
"85","077/077070.html","Chailly-en-Brie",111,14.49,165,766
"86","077/077071.html","Chaintreaux",91,16.58,146,549
"87","077/077072.html","Chalautre-la-Grande",62,17.87,114,347
"88","077/077073.html","Chalautre-la-Petite",43,11.2,46,384
"89","077/077075.html","Chalifert",168,22.83,201,736
"90","077/077076.html","Chalmaison",100,22.68,106,441
"91","077/077077.html","Chambry",91,16.37,103,556
"92","077/077078.html","Chamigny",154,21.45,161,718
"93","077/077079.html","Champagne-sur-Seine",667,23.48,873,2841
"94","077/077080.html","Champcenest",20,16.95,26,118
"95","077/077081.html","Champdeuil",46,13.14,59,350
"96","077/077082.html","Champeaux",79,15.86,81,498
"97","077/077083.html","Champs-sur-Marne",3109,27.75,2993,11202
"98","077/077084.html","Changis-sur-Marne",145,19.52,159,743
"99","077/077085.html","Chanteloup-en-Brie",335,18.99,393,1764
"100","077/077094.html","Charmentray",27,16.88,33,160
"101","077/077095.html","Charny",127,17.45,115,728
"102","077/077096.html","Chartrettes",307,18.2,276,1687
"103","077/077097.html","Chartronges",20,10.31,39,194
"104","077/077335.html","Chauconin-Neufmontiers",286,22.14,252,1292
"105","077/077106.html","Chauffry",96,16.19,164,593
"106","077/077107.html","Chaumes-en-Brie",267,16.15,460,1653
"107","077/077108.html","Chelles",5864,24.6,7233,23842
"108","077/077109.html","Chenoise",101,13.67,161,739
"109","077/077110.html","Chenou",20,11.11,36,180
"110","077/077111.html","Chessy",460,18.76,476,2452
"111","077/077112.html","Chevrainvilliers",24,15.58,24,154
"112","077/077113.html","Chevru",111,18.26,145,608
"113","077/077114.html","Chevry-Cossigny",361,16.04,543,2251
"114","077/077115.html","Chevry-en-Sereine",45,13.93,50,323
"115","077/077116.html","Choisy-en-Brie",112,14.47,166,774
"116","077/077099.html","Château-Landon",290,18.23,517,1591
"117","077/077098.html","Châteaubleau",32,15.31,66,209
"118","077/077101.html","Châtenay-sur-Seine",87,15.34,181,567
"119","077/077102.html","Châtenoy",14,16.09,19,87
"120","077/077103.html","Châtillon-la-Borde",24,16,28,150
"121","077/077104.html","Châtres",66,15.21,63,434
"122","077/077117.html","Citry",82,17.3,94,474
"123","077/077118.html","Claye-Souilly",1126,17.4,1403,6470
"124","077/077119.html","Clos-Fontaine",42,23.6,34,178
"125","077/077120.html","Cocherel",54,15.84,74,341
"126","077/077121.html","Collégien",407,21.39,390,1903
"127","077/077122.html","Combs-la-Ville",2650,23.71,3400,11175
"128","077/077123.html","Compans",129,30.86,111,418
"129","077/077124.html","Conches-sur-Gondoire",159,15.09,152,1054
"130","077/077125.html","Condé-Sainte-Libiaire",164,18.55,148,884
"131","077/077126.html","Congis-sur-Thérouanne",169,18.09,216,934
"132","077/077127.html","Coubert",141,16.3,202,865
"133","077/077128.html","Couilly-Pont-aux-Dames",160,13.83,219,1157
"134","077/077129.html","Coulombs-en-Valois",58,15.18,74,382
"135","077/077130.html","Coulommes",32,11.76,45,272
"136","077/077131.html","Coulommiers",1360,20.39,2718,6671
"137","077/077132.html","Coupvray",348,19.48,334,1786
"138","077/077133.html","Courcelles-en-Bassée",19,13.57,29,140
"139","077/077134.html","Courchamp",3,3.37,10,89
"140","077/077135.html","Courpalay",136,16.85,195,807
"141","077/077136.html","Courquetaine",24,19.2,24,125
"142","077/077137.html","Courtacon",10,7.35,31,136
"143","077/077138.html","Courtomer",81,23.01,71,352
"144","077/077139.html","Courtry",679,19.4,938,3500
"145","077/077140.html","Coutençon",30,16.95,32,177
"146","077/077141.html","Coutevroult",109,18.92,77,576
"147","077/077145.html","Crisenoy",62,14.83,87,418
"148","077/077146.html","Croissy-Beaubourg",222,17.06,219,1301
"149","077/077148.html","Crouy-sur-Ourcq",180,18.61,230,967
"150","077/077144.html","Crèvecoeur-en-Brie",36,15.06,30,239
"151","077/077142.html","Crécy-la-Chapelle",385,15.71,548,2451
"152","077/077143.html","Crégy-lès-Meaux",583,23.51,551,2480
"153","077/077149.html","Cucharmoy",18,11.11,17,162
"154","077/077150.html","Cuisy",33,13.75,59,240
"155","077/077065.html","Cély",89,11.8,174,754
"156","077/077151.html","Dagny",19,10.11,52,188
"157","077/077152.html","Dammarie-les-Lys",2383,27.66,3668,8614
"158","077/077153.html","Dammartin-en-Goële",984,20.81,1004,4728
"159","077/077154.html","Dammartin-sur-Tigeaux",112,20.51,71,546
"160","077/077155.html","Dampmart",355,19.6,405,1811
"161","077/077156.html","Darvault",64,13.42,110,477
"162","077/077157.html","Dhuisy",24,13.64,40,176
"163","077/077158.html","Diant",26,16.67,20,156
"164","077/077159.html","Donnemarie-Dontilly",307,19.6,337,1566
"165","077/077161.html","Dormelles",84,16.12,116,521
"166","077/077162.html","Doue",121,20.07,137,603
"167","077/077163.html","Douy-la-Ramée",30,17.14,37,175
"168","077/077164.html","Echouboulains",69,20.35,49,339
"169","077/077167.html","Egligny",27,16.17,56,167
"170","077/077168.html","Egreville",191,16.01,283,1193
"171","077/077169.html","Emerainville",957,25.89,869,3696
"172","077/077171.html","Esbly",672,20.93,671,3211
"173","077/077172.html","Esmans",97,18.13,123,535
"174","077/077173.html","Etrépilly",91,18.88,127,482
"175","077/077174.html","Everly",72,19.2,68,375
"176","077/077175.html","Evry-Grégy-sur-Yerre",272,16.15,291,1684
"177","077/077176.html","Faremoutiers",299,19.63,459,1523
"178","077/077177.html","Favières",99,15.64,135,633
"179","077/077178.html","Faÿ-lès-Nemours",51,17.11,42,298
"180","077/077181.html","Ferrières-en-Brie",327,19.87,223,1646
"181","077/077184.html","Flagy",99,23.57,80,420
"182","077/077185.html","Fleury-en-Bière",41,9.49,59,432
"183","077/077187.html","Fontaine-Fourches",29,9.48,116,306
"184","077/077188.html","Fontaine-le-Port",96,15.21,113,631
"185","077/077186.html","Fontainebleau",1056,13.69,2357,7712
"186","077/077190.html","Fontains",20,11.56,32,173
"187","077/077191.html","Fontenailles",140,21.12,138,663
"188","077/077192.html","Fontenay-Trésigny",544,19.35,812,2812
"189","077/077193.html","Forfry",25,15.72,24,159
"190","077/077194.html","Forges",32,14.48,50,221
"191","077/077195.html","Fouju",48,12.6,86,381
"192","077/077196.html","Fresnes-sur-Marne",63,14.48,72,435
"193","077/077198.html","Fromont",14,11.11,23,126
"194","077/077197.html","Frétoy",15,15.46,11,97
"195","077/077199.html","Fublaines",143,20.25,144,706
"196","077/077179.html","Féricy",96,24.12,48,398
"197","077/077180.html","Férolles-Attilly",70,9.99,160,701
"198","077/077200.html","Garentreville",15,20.27,8,74
"199","077/077201.html","Gastins",64,15.13,98,423
"200","077/077203.html","Germigny-l'Evêque",126,13.91,151,906
"201","077/077204.html","Germigny-sous-Coulombs",19,14.5,19,131
"202","077/077205.html","Gesvres-le-Chapitre",10,10,17,100
"203","077/077206.html","Giremoutiers",19,16.24,13,117
"204","077/077207.html","Gironville",15,15.31,32,98
"205","077/077208.html","Gouaix",130,17.38,199,748
"206","077/077209.html","Gouvernes",126,16.51,102,763
"207","077/077211.html","Grandpuits-Bailly-Carrois",79,14.77,108,535
"208","077/077212.html","Gravon",18,14.75,27,122
"209","077/077214.html","Gressy",61,9.87,94,618
"210","077/077215.html","Gretz-Armainvilliers",815,20.89,949,3902
"211","077/077216.html","Grez-sur-Loing",124,15.5,187,800
"212","077/077217.html","Grisy-Suisnes",194,14.34,364,1353
"213","077/077218.html","Grisy-sur-Seine",3,4.11,20,73
"214","077/077220.html","Guercheville",25,13.3,18,188
"215","077/077221.html","Guermantes",133,17.45,129,762
"216","077/077222.html","Guignes",312,17.38,467,1795
"217","077/077223.html","Gurcy-le-Châtel",56,16.57,39,338
"218","077/077219.html","Guérard",223,16.01,281,1393
"219","077/077224.html","Hautefeuille",17,14.17,28,120
"220","077/077227.html","Hermé",51,13.71,67,372
"221","077/077228.html","Hondevilliers",38,22.35,38,170
"222","077/077226.html","Héricy",244,15,276,1627
"223","077/077230.html","Ichy",15,14.29,16,105
"224","077/077231.html","Isles-les-Meldeuses",97,22.93,97,423
"225","077/077232.html","Isles-lès-Villenoy",101,18.13,101,557
"226","077/077233.html","Iverny",43,14.68,39,293
"227","077/077234.html","Jablines",88,21.41,86,411
"228","077/077235.html","Jaignes",30,14.63,47,205
"229","077/077236.html","Jaulnes",20,8.77,47,228
"230","077/077237.html","Jossigny",43,12.22,82,352
"231","077/077238.html","Jouarre",390,19.95,623,1955
"232","077/077239.html","Jouy-le-Châtel",121,15.51,144,780
"233","077/077240.html","Jouy-sur-Morin",169,15.18,373,1113
"234","077/077241.html","Juilly",220,21.01,245,1047
"235","077/077242.html","Jutigny",54,18.62,51,290
"236","077/077054.html","La Brosse-Montceaux",80,19.46,122,411
"237","077/077063.html","La Celle-sur-Morin",134,17.96,137,746
"238","077/077086.html","La Chapelle-Gauthier",153,19.49,169,785
"239","077/077087.html","La Chapelle-Iger",9,8.26,19,109
"240","077/077093.html","La Chapelle-Moutils",40,16.33,38,245
"241","077/077089.html","La Chapelle-Rablais",87,16.02,74,543
"242","077/077090.html","La Chapelle-Saint-Sulpice",17,14.66,22,116
"243","077/077088.html","La Chapelle-la-Reine",213,16.8,361,1268
"244","077/077147.html","La Croix-en-Brie",62,15.27,89,406
"245","077/077182.html","La Ferté-Gaucher",313,17.09,547,1831
"246","077/077183.html","La Ferté-sous-Jouarre",856,20.71,1482,4133
"247","077/077202.html","La Genevraye",81,17.57,79,461
"248","077/077210.html","La Grande-Paroisse",313,20.36,295,1537
"249","077/077225.html","La Haute-Maison",33,19.08,44,173
"250","077/077229.html","La Houssaye-en-Brie",173,17.37,216,996
"251","077/077267.html","La Madeleine-sur-Loing",39,18.84,41,207
"252","077/077389.html","La Rochette",224,12.99,345,1725
"253","077/077467.html","La Tombe",24,17.39,37,138
"254","077/077472.html","La Trétoire",48,17.71,71,271
"255","077/077243.html","Lagny-sur-Marne",2097,21.12,2261,9931
"256","077/077244.html","Larchant",101,18.74,93,539
"257","077/077245.html","Laval-en-Brie",54,19.08,64,283
"258","077/077100.html","Le Châtelet-en-Brie",438,16.44,555,2665
"259","077/077291.html","Le Mesnil-Amelot",66,17.23,86,383
"260","077/077285.html","Le Mée-sur-Seine",2274,28.57,2941,7959
"261","077/077363.html","Le Pin",139,16.26,179,855
"262","077/077365.html","Le Plessis-Feu-Aussoux",58,18.07,36,321
"263","077/077367.html","Le Plessis-Placy",28,17.83,29,157
"264","077/077364.html","Le Plessis-aux-Bois",19,17.76,42,107
"265","077/077366.html","Le Plessis-l'Evêque",17,9.29,23,183
"266","077/077485.html","Le Vaudoué",86,16.44,107,523
"267","077/077091.html","Les Chapelles-Bourbon",40,14.98,49,267
"268","077/077165.html","Les Ecrennes",72,17.27,93,417
"269","077/077275.html","Les Marêts",12,14.29,30,84
"270","077/077347.html","Les Ormes-sur-Voulzie",82,16.87,130,486
"271","077/077247.html","Lescherolles",44,15.33,66,287
"272","077/077248.html","Lesches",63,14.48,70,435
"273","077/077250.html","Leudon-en-Brie",6,5.61,20,107
"274","077/077251.html","Lieusaint",1452,27.84,1310,5216
"275","077/077252.html","Limoges-Fourches",26,9.96,71,261
"276","077/077253.html","Lissy",26,19.7,20,132
"277","077/077254.html","Liverdy-en-Brie",120,14.87,154,807
"278","077/077255.html","Livry-sur-Seine",189,14.78,287,1279
"279","077/077256.html","Lizines",9,10.34,18,87
"280","077/077257.html","Lizy-sur-Ourcq",328,22,571,1491
"281","077/077258.html","Lognes",1749,27.54,2227,6350
"282","077/077259.html","Longperrier",256,22.46,300,1140
"283","077/077260.html","Longueville",168,20.12,238,835
"284","077/077261.html","Lorrez-le-Bocage-Préaux",139,19.44,179,715
"285","077/077262.html","Louan-Villegruis-Fontaine",40,13.25,68,302
"286","077/077263.html","Luisetaines",19,13.1,30,145
"287","077/077264.html","Lumigny-Nesles-Ormeaux",154,15.62,135,986
"288","077/077265.html","Luzancy",135,22.61,133,597
"289","077/077246.html","Léchelle",46,14.42,67,319
"290","077/077249.html","Lésigny",662,14.44,1256,4583
"291","077/077266.html","Machault",67,16.18,91,414
"292","077/077268.html","Magny-le-Hongre",567,14.52,658,3905
"293","077/077269.html","Maincy",217,20.19,265,1075
"294","077/077272.html","Maison-Rouge",78,16.46,93,474
"295","077/077270.html","Maisoncelles-en-Brie",64,13.31,108,481
"296","077/077271.html","Maisoncelles-en-Gâtinais",12,17.39,21,69
"297","077/077273.html","Marchémoret",40,13.84,44,289
"298","077/077274.html","Marcilly",32,12.17,54,263
"299","077/077276.html","Mareuil-lès-Meaux",229,17.35,260,1320
"300","077/077277.html","Marles-en-Brie",175,18.1,194,967
"301","077/077278.html","Marolles-en-Brie",31,11.03,55,281
"302","077/077279.html","Marolles-sur-Seine",169,17.98,170,940
"303","077/077280.html","Mary-sur-Marne",130,19.91,168,653
"304","077/077281.html","Mauperthuis",35,12.54,94,279
"305","077/077282.html","Mauregard",22,11.58,35,190
"306","077/077283.html","May-en-Multien",87,18.75,89,464
"307","077/077284.html","Meaux",5058,25.86,6633,19560
"308","077/077286.html","Meigneux",25,15.92,20,157
"309","077/077287.html","Meilleray",60,20,96,300
"310","077/077288.html","Melun",3300,26.26,6428,12568
"311","077/077289.html","Melz-sur-Seine",35,13.78,64,254
"312","077/077292.html","Messy",100,17.33,103,577
"313","077/077293.html","Misy-sur-Yonne",86,15.64,149,550
"314","077/077294.html","Mitry-Mory",2689,30.64,2473,8776
"315","077/077295.html","Moisenay",136,15.96,160,852
"316","077/077296.html","Moissy-Cramayel",2305,30.21,2095,7629
"317","077/077297.html","Mondreville",23,10,56,230
"318","077/077298.html","Mons-en-Montois",70,23.03,62,304
"319","077/077300.html","Montceaux-lès-Meaux",58,14.57,86,398
"320","077/077301.html","Montceaux-lès-Provins",39,18.93,33,206
"321","077/077302.html","Montcourt-Fromonville",236,18.04,267,1308
"322","077/077303.html","Montdauphin",25,16.13,26,155
"323","077/077304.html","Montenils",0,0,9,24
"324","077/077305.html","Montereau-Fault-Yonne",1957,31.74,2662,6165
"325","077/077306.html","Montereau-sur-le-Jard",55,16.27,79,338
"326","077/077308.html","Montgé-en-Goële",73,17.14,68,426
"327","077/077309.html","Monthyon",152,16.02,146,949
"328","077/077311.html","Montigny-Lencoup",131,17.08,147,767
"329","077/077310.html","Montigny-le-Guesdier",25,13.37,44,187
"330","077/077312.html","Montigny-sur-Loing",317,17.05,444,1859
"331","077/077313.html","Montmachoux",27,16.46,23,164
"332","077/077314.html","Montolivet",29,18.13,38,160
"333","077/077315.html","Montry",320,16.49,401,1941
"334","077/077307.html","Montévrain",850,18.26,953,4654
"335","077/077316.html","Moret-Loing-et-Orvanne",1615,21.19,1764,7622
"336","077/077317.html","Mormant",474,20.73,719,2287
"337","077/077318.html","Mortcerf",121,15.2,168,796
"338","077/077319.html","Mortery",17,18.48,23,92
"339","077/077320.html","Mouroux",564,18.72,745,3013
"340","077/077321.html","Mousseaux-lès-Bray",69,16.55,109,417
"341","077/077322.html","Moussy-le-Neuf",281,16.08,337,1748
"342","077/077323.html","Moussy-le-Vieux",146,22.46,119,650
"343","077/077325.html","Mouy-sur-Seine",24,11.43,77,210
"344","077/077290.html","Méry-sur-Marne",60,18.02,83,333
"345","077/077326.html","Nandy",851,27.29,888,3118
"346","077/077327.html","Nangis",883,24.01,1410,3677
"347","077/077328.html","Nanteau-sur-Essonne",43,14.29,41,301
"348","077/077329.html","Nanteau-sur-Lunain",40,10.93,59,366
"349","077/077330.html","Nanteuil-lès-Meaux",618,19.83,808,3116
"350","077/077331.html","Nanteuil-sur-Marne",72,29.88,63,241
"351","077/077332.html","Nantouillet",21,14.48,32,145
"352","077/077333.html","Nemours",1106,22.18,1910,4987
"353","077/077336.html","Neufmoutiers-en-Brie",89,15.92,75,559
"354","077/077337.html","Noisiel",2045,32.23,2096,6345
"355","077/077338.html","Noisy-Rudignon",52,15.76,76,330
"356","077/077339.html","Noisy-sur-Ecole",157,12.24,255,1283
"357","077/077340.html","Nonville",79,18.81,66,420
"358","077/077341.html","Noyen-sur-Seine",32,14.1,36,227
"359","077/077342.html","Obsonville",7,8.97,20,78
"360","077/077343.html","Ocquerre",41,20.81,50,197
"361","077/077344.html","Oissery",221,18.03,227,1226
"362","077/077345.html","Orly-sur-Morin",82,21.08,87,389
"363","077/077348.html","Ormesson",24,15.19,30,158
"364","077/077349.html","Othis",866,23.52,910,3682
"365","077/077350.html","Ozoir-la-Ferrière",1840,17.2,2990,10700
"366","077/077352.html","Ozouer-le-Voulgis",169,15.99,291,1057
"367","077/077353.html","Paley",35,11.25,51,311
"368","077/077354.html","Pamfou",111,19.82,111,560
"369","077/077355.html","Paroy",22,18.33,22,120
"370","077/077356.html","Passy-sur-Seine",6,13.64,8,44
"371","077/077358.html","Penchard",67,11.57,135,579
"372","077/077359.html","Perthes",159,12.81,240,1241
"373","077/077361.html","Pierre-Levée",33,12.45,60,265
"374","077/077368.html","Poigny",39,13.93,58,280
"375","077/077369.html","Poincy",43,9.29,66,463
"376","077/077370.html","Poligny",83,17.01,99,488
"377","077/077371.html","Pommeuse",254,16.92,480,1501
"378","077/077372.html","Pomponne",380,19.24,437,1975
"379","077/077373.html","Pontault-Combault",3832,23.03,5182,16642
"380","077/077374.html","Pontcarré",224,19.41,256,1154
"381","077/077377.html","Presles-en-Brie",223,18.01,252,1238
"382","077/077378.html","Pringy",274,16.75,409,1636
"383","077/077379.html","Provins",861,18.39,2143,4681
"384","077/077376.html","Précy-sur-Marne",61,13.59,77,449
"385","077/077380.html","Puisieux",27,14.06,36,192
"386","077/077357.html","Pécy",83,16.67,98,498
"387","077/077360.html","Pézarches",37,15.61,44,237
"388","077/077381.html","Quiers",66,15.64,63,422
"389","077/077382.html","Quincy-Voisins",700,22.11,772,3166
"390","077/077383.html","Rampillon",88,18.88,87,466
"391","077/077385.html","Rebais",173,16.26,305,1064
"392","077/077386.html","Recloses",77,17.07,111,451
"393","077/077387.html","Remauville",40,14.81,77,270
"394","077/077388.html","Reuil-en-Brie",88,19.38,89,454
"395","077/077390.html","Roissy-en-Brie",2726,26.53,2678,10277
"396","077/077391.html","Rouilly",40,15.27,72,262
"397","077/077392.html","Rouvres",99,21.06,82,470
"398","077/077393.html","Rozay-en-Brie",271,17.95,390,1510
"399","077/077394.html","Rubelles",158,13.76,231,1148
"400","077/077395.html","Rumont",11,12.5,13,88
"401","077/077396.html","Rupéreux",2,3.03,8,66
"402","077/077384.html","Réau",107,20.3,142,527
"403","077/077398.html","Sablonnières",51,12.59,106,405
"404","077/077399.html","Saint-Ange-le-Viel",20,12.74,22,157
"405","077/077400.html","Saint-Augustin",190,17.4,278,1092
"406","077/077402.html","Saint-Barthélemy",24,11.21,43,214
"407","077/077403.html","Saint-Brice",57,12.87,96,443
"408","077/077405.html","Saint-Cyr-sur-Morin",252,21.95,277,1148
"409","077/077406.html","Saint-Denis-lès-Rebais",114,18.84,122,605
"410","077/077407.html","Saint-Fargeau-Ponthierry",1251,17.83,1975,7016
"411","077/077408.html","Saint-Fiacre",32,13.5,51,237
"412","077/077409.html","Saint-Germain-Laval",359,22.84,417,1572
"413","077/077410.html","Saint-Germain-Laxis",61,14.91,75,409
"414","077/077411.html","Saint-Germain-sous-Doue",51,15.6,66,327
"415","077/077412.html","Saint-Germain-sur-Ecole",39,14.72,33,265
"416","077/077413.html","Saint-Germain-sur-Morin",383,18.79,485,2038
"417","077/077414.html","Saint-Hilliers",39,13.27,80,294
"418","077/077415.html","Saint-Jean-les-Deux-Jumeaux",125,17.22,164,726
"419","077/077416.html","Saint-Just-en-Brie",33,20.63,19,160
"420","077/077418.html","Saint-Loup-de-Naud",109,21.63,125,504
"421","077/077417.html","Saint-Léger",29,22.48,25,129
"422","077/077419.html","Saint-Mammès",441,23.63,486,1866
"423","077/077420.html","Saint-Mard",388,18.41,761,2108
"424","077/077421.html","Saint-Mars-Vieux-Maisons",19,10.33,35,184
"425","077/077423.html","Saint-Martin-des-Champs",67,15.33,97,437
"426","077/077424.html","Saint-Martin-du-Boschet",28,16.28,27,172
"427","077/077425.html","Saint-Martin-en-Bière",47,9.27,84,507
"428","077/077427.html","Saint-Mesmes",70,19.61,45,357
"429","077/077426.html","Saint-Méry",37,16.02,41,231
"430","077/077428.html","Saint-Ouen-en-Brie",116,20.21,105,574
"431","077/077429.html","Saint-Ouen-sur-Morin",58,16.71,78,347
"432","077/077430.html","Saint-Pathus",684,20.47,887,3342
"433","077/077431.html","Saint-Pierre-lès-Nemours",644,20.44,844,3150
"434","077/077432.html","Saint-Rémy-la-Vanne",93,15.71,150,592
"435","077/077434.html","Saint-Sauveur-lès-Bray",27,11.74,39,230
"436","077/077435.html","Saint-Sauveur-sur-Ecole",96,12.77,109,752
"437","077/077436.html","Saint-Siméon",92,18.22,123,505
"438","077/077437.html","Saint-Soupplets",323,18.29,393,1766
"439","077/077438.html","Saint-Thibault-des-Vignes",764,21.9,1039,3489
"440","077/077401.html","Sainte-Aulde",73,17.02,77,429
"441","077/077404.html","Sainte-Colombe",169,16.88,217,1001
"442","077/077433.html","Saints",123,15.02,200,819
"443","077/077439.html","Salins",119,19.07,140,624
"444","077/077440.html","Sammeron",100,17.27,135,579
"445","077/077441.html","Samois-sur-Seine",209,15.2,251,1375
"446","077/077442.html","Samoreau",286,19.4,296,1474
"447","077/077443.html","Sancy",31,13.9,40,223
"448","077/077444.html","Sancy-lès-Provins",31,14.62,33,212
"449","077/077445.html","Savigny-le-Temple",3710,30,4033,12368
"450","077/077446.html","Savins",74,19.73,57,375
"451","077/077397.html","Saâcy-sur-Marne",204,20.16,220,1012
"452","077/077447.html","Seine-Port",156,12.55,218,1243
"453","077/077448.html","Sept-Sorts",58,21.48,42,270
"454","077/077449.html","Serris",777,21.49,860,3615
"455","077/077450.html","Servon",307,15.55,497,1974
"456","077/077451.html","Signy-Signets",51,14.17,75,360
"457","077/077452.html","Sigy",5,10,6,50
"458","077/077453.html","Sivry-Courtry",96,13.68,99,702
"459","077/077454.html","Sognolles-en-Montois",50,18.8,35,266
"460","077/077455.html","Soignolles-en-Brie",197,16.43,255,1199
"461","077/077456.html","Soisy-Bouy",78,17.11,83,456
"462","077/077457.html","Solers",156,20.37,163,766
"463","077/077458.html","Souppes-sur-Loing",497,20.37,952,2440
"464","077/077459.html","Sourdun",102,13.82,149,738
"465","077/077460.html","Tancrou",32,15.76,31,203
"466","077/077462.html","Thieux",66,20.37,91,324
"467","077/077463.html","Thomery",389,17.89,495,2174
"468","077/077464.html","Thorigny-sur-Marne",1033,21.07,1767,4903
"469","077/077465.html","Thoury-Férottes",77,18.12,76,425
"470","077/077461.html","Thénisy",33,17.1,36,193
"471","077/077466.html","Tigeaux",35,14.96,28,234
"472","077/077468.html","Torcy",2701,29.82,3000,9057
"473","077/077469.html","Touquin",114,17.3,168,659
"474","077/077470.html","Tournan-en-Brie",928,20.87,1149,4446
"475","077/077471.html","Tousson",50,20.49,66,244
"476","077/077473.html","Treuzy-Levelay",38,12.97,56,293
"477","077/077474.html","Trilbardou",45,13.39,77,336
"478","077/077475.html","Trilport",578,20.96,566,2757
"479","077/077476.html","Trocy-en-Multien",23,16.43,39,140
"480","077/077477.html","Ury",72,12.7,73,567
"481","077/077478.html","Ussy-sur-Marne",107,18.94,179,565
"482","077/077479.html","Vaires-sur-Marne",1421,21.17,1808,6712
"483","077/077480.html","Valence-en-Brie",85,20.43,74,416
"484","077/077481.html","Vanvillé",16,13.79,30,116
"485","077/077482.html","Varennes-sur-Seine",569,32.44,507,1754
"486","077/077483.html","Varreddes",126,12.73,172,990
"487","077/077484.html","Vaucourtois",20,12.82,28,156
"488","077/077486.html","Vaudoy-en-Brie",78,15.95,79,489
"489","077/077487.html","Vaux-le-Pénil",1310,19.68,1526,6655
"490","077/077489.html","Vaux-sur-Lunain",17,16.83,37,101
"491","077/077490.html","Vendrest",85,20.83,90,408
"492","077/077492.html","Verdelot",83,22.25,99,373
"493","077/077493.html","Verneuil-l'Etang",327,19.95,506,1639
"494","077/077494.html","Vernou-la-Celle-sur-Seine",365,23.23,462,1571
"495","077/077495.html","Vert-Saint-Denis",974,22.64,1075,4302
"496","077/077496.html","Vieux-Champagne",24,19.67,25,122
"497","077/077498.html","Vignely",28,15.73,14,178
"498","077/077516.html","Ville-Saint-Jacques",92,19.57,76,470
"499","077/077500.html","Villebéon",58,18.83,50,308
"500","077/077501.html","Villecerf",81,16.3,135,497
"501","077/077505.html","Villemareuil",43,17.92,25,240
"502","077/077504.html","Villemaréchal",84,15.33,70,548
"503","077/077506.html","Villemer",87,21.59,97,403
"504","077/077507.html","Villenauxe-la-Petite",41,14.86,60,276
"505","077/077510.html","Villeneuve-Saint-Denis",90,20.5,78,439
"506","077/077508.html","Villeneuve-le-Comte",154,15.11,240,1019
"507","077/077509.html","Villeneuve-les-Bordes",43,12.76,58,337
"508","077/077511.html","Villeneuve-sous-Dammartin",50,18.94,62,264
"509","077/077512.html","Villeneuve-sur-Bellot",114,17.01,170,670
"510","077/077513.html","Villenoy",507,22.6,613,2243
"511","077/077514.html","Villeparisis",2800,27.08,3771,10339
"512","077/077515.html","Villeroy",59,14.94,75,395
"513","077/077517.html","Villevaudé",173,16.68,304,1037
"514","077/077519.html","Villiers-Saint-Georges",107,17.43,127,614
"515","077/077518.html","Villiers-en-Bière",21,14.09,15,149
"516","077/077520.html","Villiers-sous-Grez",91,17.88,94,509
"517","077/077521.html","Villiers-sur-Morin",201,19.12,209,1051
"518","077/077522.html","Villiers-sur-Seine",17,10,47,170
"519","077/077523.html","Villuis",34,18.68,43,182
"520","077/077524.html","Vimpelles",42,12.73,72,330
"521","077/077525.html","Vinantes",32,16.58,49,193
"522","077/077526.html","Vincy-Manoeuvre",21,13.73,41,153
"523","077/077527.html","Voinsles",53,15.1,61,351
"524","077/077528.html","Voisenon",95,13.31,119,714
"525","077/077529.html","Voulangis",130,13.16,160,988
"526","077/077530.html","Voulton",23,10.22,28,225
"527","077/077531.html","Voulx",179,18.43,271,971
"528","077/077532.html","Vulaines-lès-Provins",7,13.73,7,51
"529","077/077533.html","Vulaines-sur-Seine",243,14.74,338,1649
"530","077/077534.html","Yèbles",79,18.41,65,429
"531","078/078003.html","Ablis",328,17.16,352,1911
"532","078/078005.html","Achères",2641,26.74,3035,9877
"533","078/078006.html","Adainville",46,8.58,70,536
"534","078/078007.html","Aigremont",38,5.41,121,703
"535","078/078009.html","Allainville",30,17.24,38,174
"536","078/078013.html","Andelu",49,17.25,33,284
"537","078/078015.html","Andrésy",1269,17.5,1793,7250
"538","078/078020.html","Arnouville-lès-Mantes",65,10.69,87,608
"539","078/078029.html","Aubergenville",1151,21.89,1630,5257
"540","078/078030.html","Auffargis",185,13.56,257,1364
"541","078/078031.html","Auffreville-Brasseuil",46,12.53,68,367
"542","078/078033.html","Aulnay-sur-Mauldre",125,17.29,101,723
"543","078/078034.html","Auteuil",72,11.3,75,637
"544","078/078036.html","Autouillet",54,16.62,45,325
"545","078/078043.html","Bailly",191,7.46,696,2560
"546","078/078048.html","Bazainville",135,13.64,175,990
"547","078/078049.html","Bazemont",106,10.12,210,1047
"548","078/078050.html","Bazoches-sur-Guyonne",53,12.27,51,432
"549","078/078057.html","Bennecourt",209,19.87,224,1052
"550","078/078062.html","Beynes",883,18.52,967,4769
"551","078/078068.html","Blaru",96,15.17,89,633
"552","078/078070.html","Boinville-en-Mantois",21,10.29,30,204
"553","078/078071.html","Boinville-le-Gaillard",52,14.21,70,366
"554","078/078072.html","Boinvilliers",20,10.1,24,198
"555","078/078073.html","Bois-d'Arcy",1324,17.81,1591,7434
"556","078/078076.html","Boissets",29,15.03,48,193
"557","078/078082.html","Boissy-Mauvoisin",45,12.57,58,358
"558","078/078084.html","Boissy-sans-Avoir",59,15.01,42,393
"559","078/078087.html","Bonnelles",225,17.37,166,1295
"560","078/078089.html","Bonnières-sur-Seine",402,19.34,660,2079
"561","078/078090.html","Bouafle",164,14.4,283,1139
"562","078/078092.html","Bougival",529,11.15,1113,4746
"563","078/078096.html","Bourdonné",42,10.71,78,392
"564","078/078104.html","Breuil-Bois-Robert",55,12.85,58,428
"565","078/078113.html","Brueil-en-Vexin",46,12.04,66,382
"566","078/078107.html","Bréval",168,14.47,158,1161
"567","078/078117.html","Buc",431,11.7,587,3683
"568","078/078118.html","Buchelay",423,26.55,359,1593
"569","078/078120.html","Bullion",201,17.24,186,1166
"570","078/078053.html","Béhoust",45,13.55,44,332
"571","078/078123.html","Carrières-sous-Poissy",1577,25.56,2505,6170
"572","078/078124.html","Carrières-sur-Seine",1197,15.91,1582,7525
"573","078/078128.html","Cernay-la-Ville",159,15.2,102,1046
"574","078/078133.html","Chambourcy",320,9.69,724,3303
"575","078/078138.html","Chanteloup-les-Vignes",1118,29.89,1507,3740
"576","078/078140.html","Chapet",93,12.45,124,747
"577","078/078146.html","Chatou",2021,12.09,3569,16714
"578","078/078147.html","Chaufour-lès-Bonnières",28,10.73,39,261
"579","078/078152.html","Chavenay",70,5.71,167,1226
"580","078/078160.html","Chevreuse",444,12.8,603,3469
"581","078/078162.html","Choisel",41,10.85,48,378
"582","078/078143.html","Châteaufort",139,13.74,152,1012
"583","078/078163.html","Civry-la-Forêt",47,19.03,33,247
"584","078/078164.html","Clairefontaine-en-Yvelines",70,13.18,87,531
"585","078/078168.html","Coignières",438,22.85,496,1917
"586","078/078171.html","Condé-sur-Vesgre",120,15.04,126,798
"587","078/078172.html","Conflans-Sainte-Honorine",3905,20.8,4658,18771
"588","078/078185.html","Courgent",40,13.94,46,287
"589","078/078188.html","Cravent",47,17.28,54,272
"590","078/078189.html","Crespières",83,7.65,210,1085
"591","078/078190.html","Croissy-sur-Seine",506,8.1,990,6247
"592","078/078192.html","Dammartin-en-Serve",141,18.8,112,750
"593","078/078193.html","Dampierre-en-Yvelines",94,13.76,104,683
"594","078/078194.html","Dannemarie",26,16.67,23,156
"595","078/078196.html","Davron",16,8.04,24,199
"596","078/078202.html","Drocourt",56,17.89,39,313
"597","078/078206.html","Ecquevilly",409,19.22,615,2128
"598","078/078208.html","Elancourt",2716,20.54,3582,13225
"599","078/078209.html","Emancé",78,14,83,557
"600","078/078217.html","Epône",625,18.32,759,3411
"601","078/078227.html","Evecquemont",53,10.43,67,508
"602","078/078231.html","Favrieux",19,18.63,17,102
"603","078/078233.html","Feucherolles",145,7.24,268,2002
"604","078/078234.html","Flacourt",8,6.61,17,121
"605","078/078236.html","Flexanville",70,16.43,52,426
"606","078/078237.html","Flins-Neuve-Eglise",12,12.77,21,94
"607","078/078238.html","Flins-sur-Seine",220,16.82,296,1308
"608","078/078239.html","Follainville-Dennemont",167,15.43,200,1082
"609","078/078245.html","Fontenay-Mauvoisin",43,13.83,35,311
"610","078/078246.html","Fontenay-Saint-Père",122,18.6,121,656
"611","078/078242.html","Fontenay-le-Fleury",1287,19.18,1628,6711
"612","078/078251.html","Fourqueux",202,7.97,643,2534
"613","078/078255.html","Freneuse",459,21.35,633,2150
"614","078/078261.html","Gaillon-sur-Montcient",74,16.89,71,438
"615","078/078262.html","Galluis",98,13.05,139,751
"616","078/078263.html","Gambais",182,10.54,304,1727
"617","078/078264.html","Gambaiseuil",1,2.08,8,48
"618","078/078265.html","Garancières",214,14.14,234,1513
"619","078/078267.html","Gargenville",693,17.81,1283,3891
"620","078/078269.html","Gazeran",117,14.61,119,801
"621","078/078276.html","Gommecourt",73,18.3,56,399
"622","078/078278.html","Goupillières",29,8.79,54,330
"623","078/078281.html","Goussonville",46,11.98,87,384
"624","078/078283.html","Grandchamp",23,11.86,18,194
"625","078/078285.html","Gressey",39,10.26,54,380
"626","078/078289.html","Grosrouvre",54,7.93,112,681
"627","078/078290.html","Guernes",109,17.9,99,609
"628","078/078291.html","Guerville",199,15.18,260,1311
"629","078/078296.html","Guitrancourt",57,13.48,69,423
"630","078/078297.html","Guyancourt",3267,23.34,3230,13995
"631","078/078299.html","Hardricourt",196,17.06,244,1149
"632","078/078300.html","Hargeville",28,11.62,30,241
"633","078/078305.html","Herbeville",31,16.06,28,193
"634","078/078307.html","Hermeray",107,15.24,85,702
"635","078/078310.html","Houdan",307,16.53,433,1857
"636","078/078311.html","Houilles",3220,18.86,3598,17070
"637","078/078314.html","Issou",490,20.75,472,2361
"638","078/078317.html","Jambville",97,20.68,76,469
"639","078/078320.html","Jeufosse",50,16.89,58,296
"640","078/078321.html","Jouars-Pontchartrain",455,13.56,630,3355
"641","078/078324.html","Jouy-Mauvoisin",67,19.14,57,350
"642","078/078322.html","Jouy-en-Josas",559,12.7,660,4403
"643","078/078325.html","Jumeauville",43,10.97,66,392
"644","078/078327.html","Juziers",375,16.82,526,2229
"645","078/078224.html","L'Etang-la-Ville",267,8.6,514,3106
"646","078/078077.html","La Boissière-Ecole",81,17.57,91,461
"647","078/078126.html","La Celle-Saint-Cloud",1651,14.21,2942,11616
"648","078/078125.html","La Celle-les-Bordes",102,15.34,86,665
"649","078/078230.html","La Falaise",57,15.32,39,372
"650","078/078302.html","La Hauteville",9,5.26,23,171
"651","078/078513.html","La Queue-les-Yvelines",164,13.46,212,1218
"652","078/078644.html","La Verrière",620,30.36,969,2042
"653","078/078668.html","La Villeneuve-en-Chevrie",51,12.2,50,418
"654","078/078329.html","Lainville-en-Vexin",71,12.5,83,568
"655","078/078158.html","Le Chesnay",1397,8.19,3199,17066
"656","078/078397.html","Le Mesnil-Saint-Denis",578,13.14,825,4398
"657","078/078396.html","Le Mesnil-le-Roi",438,11.48,952,3815
"658","078/078481.html","Le Pecq",1215,14.01,2187,8675
"659","078/078486.html","Le Perray-en-Yvelines",671,15.87,879,4227
"660","078/078502.html","Le Port-Marly",340,14.41,672,2360
"661","078/078606.html","Le Tartre-Gaudran",0,0,9,32
"662","078/078608.html","Le Tertre-Saint-Denis",8,10.53,14,76
"663","078/078623.html","Le Tremblay-sur-Mauldre",67,12.34,95,543
"664","078/078650.html","Le Vésinet",705,7,1645,10078
"665","078/078010.html","Les Alluets-le-Roi",80,9.78,111,818
"666","078/078108.html","Les Bréviaires",86,11.44,143,752
"667","078/078165.html","Les Clayes-sous-Bois",1835,20.13,2192,9114
"668","078/078220.html","Les Essarts-le-Roi",704,17.33,925,4063
"669","078/078343.html","Les Loges-en-Josas",81,7.61,137,1065
"670","078/078398.html","Les Mesnuls",84,13.53,107,621
"671","078/078440.html","Les Mureaux",3788,36.57,4676,10358
"672","078/078335.html","Limay",2264,30.74,2118,7365
"673","078/078337.html","Limetz-Villez",211,17.27,285,1222
"674","078/078344.html","Lommoye",63,14.58,91,432
"675","078/078346.html","Longnes",107,11.73,201,912
"676","078/078349.html","Longvilliers",39,12.46,46,313
"677","078/078350.html","Louveciennes",373,8.6,685,4336
"678","078/078334.html","Lévis-Saint-Nom",185,16.21,183,1141
"679","078/078354.html","Magnanville",702,21.76,814,3226
"680","078/078356.html","Magny-les-Hameaux",1168,21.59,1096,5411
"681","078/078358.html","Maisons-Laffitte",1377,9.96,2572,13829
"682","078/078361.html","Mantes-la-Jolie",5060,34.31,6829,14748
"683","078/078362.html","Mantes-la-Ville",2339,28.56,3439,8191
"684","078/078364.html","Marcq",64,13.76,48,465
"685","078/078367.html","Mareil-Marly",174,7.7,326,2259
"686","078/078366.html","Mareil-le-Guyon",36,14.29,50,252
"687","078/078368.html","Mareil-sur-Mauldre",92,8.09,119,1137
"688","078/078372.html","Marly-le-Roi",1243,12.4,1943,10024
"689","078/078380.html","Maule",516,15.04,619,3430
"690","078/078381.html","Maulette",77,14.26,80,540
"691","078/078382.html","Maurecourt",447,18.24,392,2451
"692","078/078383.html","Maurepas",1984,18.63,2921,10649
"693","078/078401.html","Meulan-en-Yvelines",822,20.97,1661,3920
"694","078/078404.html","Millemont",17,10.76,17,158
"695","078/078406.html","Milon-la-Chapelle",20,9.01,37,222
"696","078/078407.html","Mittainville",67,14.99,59,447
"697","078/078410.html","Moisson",109,18.41,121,592
"698","078/078413.html","Mondreville",44,18.97,27,232
"699","078/078415.html","Montainville",44,11.06,58,398
"700","078/078416.html","Montalet-le-Bois",34,16.27,30,209
"701","078/078417.html","Montchauvet",27,13.43,29,201
"702","078/078418.html","Montesson",1179,14.01,1632,8415
"703","078/078420.html","Montfort-l'Amaury",177,10.1,275,1753
"704","078/078423.html","Montigny-le-Bretonneux",3470,18.02,4179,19258
"705","078/078431.html","Morainvilliers",140,7.92,241,1767
"706","078/078437.html","Mousseaux-sur-Seine",48,11.16,107,430
"707","078/078439.html","Mulcent",6,9.09,8,66
"708","078/078384.html","Médan",91,10.41,180,874
"709","078/078385.html","Ménerville",15,10.42,20,144
"710","078/078391.html","Méricourt",32,14.1,48,227
"711","078/078389.html","Méré",133,11.22,207,1185
"712","078/078402.html","Mézières-sur-Seine",343,16.36,519,2097
"713","078/078403.html","Mézy-sur-Seine",162,14.35,172,1129
"714","078/078442.html","Neauphle-le-Château",260,13.71,297,1897
"715","078/078443.html","Neauphle-le-Vieux",67,12.16,90,551
"716","078/078444.html","Neauphlette",86,16.44,101,523
"717","078/078455.html","Noisy-le-Roi",383,7.43,1232,5158
"718","078/078451.html","Nézel",115,18.98,96,606
"719","078/078460.html","Oinville-sur-Montcient",112,15.22,128,736
"720","078/078464.html","Orcemont",81,13.3,51,609
"721","078/078465.html","Orgerus",269,16.79,282,1602
"722","078/078466.html","Orgeval",305,8.03,1017,3798
"723","078/078470.html","Orphin",87,15.08,99,577
"724","078/078472.html","Orsonville",19,9.5,29,200
"725","078/078474.html","Orvilliers",84,15.97,56,526
"726","078/078475.html","Osmoy",31,12.16,19,255
"727","078/078478.html","Paray-Douaville",20,15.38,19,130
"728","078/078484.html","Perdreauville",72,18.09,44,398
"729","078/078490.html","Plaisir",3375,22.24,3952,15172
"730","078/078497.html","Poigny-la-Forêt",62,9.94,82,624
"731","078/078498.html","Poissy",3460,20.4,4629,16958
"732","078/078499.html","Ponthévrard",49,13.65,64,359
"733","078/078501.html","Porcheville",305,21.06,309,1448
"734","078/078503.html","Port-Villez",20,12.58,26,159
"735","078/078506.html","Prunay-en-Yvelines",90,16.1,80,559
"736","078/078505.html","Prunay-le-Temple",43,15.09,69,285
"737","078/078516.html","Raizeux",106,18.63,103,569
"738","078/078517.html","Rambouillet",2340,15.51,2715,15084
"739","078/078518.html","Rennemoulin",13,13.98,8,93
"740","078/078520.html","Richebourg",113,14.49,150,780
"741","078/078522.html","Rochefort-en-Yvelines",85,13.71,65,620
"742","078/078524.html","Rocquencourt",132,6.37,411,2071
"743","078/078528.html","Rolleboise",21,12.14,35,173
"744","078/078530.html","Rosay",30,11.67,31,257
"745","078/078531.html","Rosny-sur-Seine",694,22.9,740,3031
"746","078/078536.html","Sailly",22,9.32,50,236
"747","078/078537.html","Saint-Arnoult-en-Yvelines",626,16.32,665,3836
"748","078/078545.html","Saint-Cyr-l'Ecole",1626,19.18,2504,8477
"749","078/078548.html","Saint-Forget",47,13.39,42,351
"750","078/078550.html","Saint-Germain-de-la-Grange",173,13.53,176,1279
"751","078/078551.html","Saint-Germain-en-Laye",2444,11.49,5094,21273
"752","078/078557.html","Saint-Hilarion",87,14.62,84,595
"753","078/078558.html","Saint-Illiers-la-Ville",43,19.63,48,219
"754","078/078559.html","Saint-Illiers-le-Bois",32,11.55,36,277
"755","078/078561.html","Saint-Lambert",19,6.53,26,291
"756","078/078562.html","Saint-Léger-en-Yvelines",165,16.47,121,1002
"757","078/078564.html","Saint-Martin-de-Bréthencourt",82,19.66,59,417
"758","078/078565.html","Saint-Martin-des-Champs",23,10.8,28,213
"759","078/078567.html","Saint-Martin-la-Garenne",85,14.41,79,590
"760","078/078571.html","Saint-Nom-la-Bretèche",165,4.97,469,3317
"761","078/078576.html","Saint-Rémy-l'Honoré",89,9.03,131,986
"762","078/078575.html","Saint-Rémy-lès-Chevreuse",742,14.84,810,5000
"763","078/078569.html","Sainte-Mesme",87,16.08,85,541
"764","078/078586.html","Sartrouville",5247,23.54,7483,22285
"765","078/078588.html","Saulx-Marchais",89,16.95,76,525
"766","078/078590.html","Senlisse",49,13.84,64,354
"767","078/078591.html","Septeuil",157,12.53,274,1253
"768","078/078597.html","Soindres",57,15.04,87,379
"769","078/078601.html","Sonchamp",155,15.17,151,1022
"770","078/078605.html","Tacoignières",123,17.67,89,696
"771","078/078609.html","Tessancourt-sur-Aubette",91,13.87,82,656
"772","078/078615.html","Thiverval-Grignon",79,16.32,109,484
"773","078/078616.html","Thoiry",125,14.65,133,853
"774","078/078618.html","Tilly",35,9.92,49,353
"775","078/078620.html","Toussus-le-Noble",76,10.24,77,742
"776","078/078621.html","Trappes",3126,32.62,4060,9584
"777","078/078624.html","Triel-sur-Seine",1004,14.83,1632,6771
"778","078/078638.html","Vaux-sur-Seine",390,14.95,516,2609
"779","078/078642.html","Verneuil-sur-Seine",1381,15.9,2193,8687
"780","078/078643.html","Vernouillet",849,16.99,1125,4997
"781","078/078646.html","Versailles",4622,9.7,9698,47653
"782","078/078647.html","Vert",71,14.7,96,483
"783","078/078653.html","Vicq",23,12.64,19,182
"784","078/078655.html","Vieille-Eglise-en-Yvelines",89,17.76,60,501
"785","078/078672.html","Villennes-sur-Seine",287,8.42,817,3409
"786","078/078674.html","Villepreux",916,15.54,1317,5896
"787","078/078677.html","Villette",48,13.41,63,358
"788","078/078683.html","Villiers-Saint-Fréderic",238,13.62,239,1748
"789","078/078681.html","Villiers-le-Mahieu",60,12.32,63,487
"790","078/078686.html","Viroflay",1178,12.13,1397,9712
"791","078/078688.html","Voisins-le-Bretonneux",973,12.45,1437,7818
"792","078/078640.html","Vélizy-Villacoublay",1886,15.96,2223,11818
"793","091/091001.html","Abbéville-la-Rivière",33,18.23,48,181
"794","091/091016.html","Angerville",447,21.3,538,2099
"795","091/091017.html","Angervilliers",143,16.38,187,873
"796","091/091021.html","Arpajon",914,20.17,1466,4532
"797","091/091022.html","Arrancourt",14,16.67,15,84
"798","091/091027.html","Athis-Mons",3752,27.65,3959,13570
"799","091/091035.html","Authon-la-Plaine",53,22.84,57,232
"800","091/091037.html","Auvernaux",16,8,25,200
"801","091/091038.html","Auvers-Saint-Georges",123,17.35,150,709
"802","091/091041.html","Avrainville",92,16.2,79,568
"803","091/091044.html","Ballainvilliers",316,13.55,330,2332
"804","091/091045.html","Ballancourt-sur-Essonne",779,19.31,910,4034
"805","091/091047.html","Baulne",128,17.3,182,740
"806","091/091064.html","Bièvres",352,12.74,427,2763
"807","091/091067.html","Blandy",8,9.64,8,83
"808","091/091069.html","Boigneville",36,12.9,54,279
"809","091/091075.html","Bois-Herpin",5,8.93,6,56
"810","091/091079.html","Boissy-la-Rivière",73,18.86,43,387
"811","091/091080.html","Boissy-le-Cutté",138,20.75,152,665
"812","091/091081.html","Boissy-le-Sec",67,16.22,98,413
"813","091/091085.html","Boissy-sous-Saint-Yon",406,17.61,524,2305
"814","091/091086.html","Bondoufle",1027,18.51,1144,5548
"815","091/091093.html","Boullay-les-Troux",68,15.32,50,444
"816","091/091095.html","Bouray-sur-Juine",284,21.95,259,1294
"817","091/091097.html","Boussy-Saint-Antoine",883,23,978,3839
"818","091/091098.html","Boutervilliers",39,17.41,36,224
"819","091/091099.html","Boutigny-sur-Essonne",349,19.04,479,1833
"820","091/091100.html","Bouville",74,18,97,411
"821","091/091105.html","Breuillet",788,17.02,837,4631
"822","091/091106.html","Breux-Jouy",118,15.65,130,754
"823","091/091111.html","Briis-sous-Forges",387,19.57,467,1978
"824","091/091109.html","Brières-les-Scellés",104,15.5,84,671
"825","091/091112.html","Brouy",18,17.82,11,101
"826","091/091114.html","Brunoy",2557,18.92,3039,13515
"827","091/091115.html","Bruyères-le-Châtel",310,16.5,271,1879
"828","091/091103.html","Brétigny-sur-Orge",2944,25.35,2879,11615
"829","091/091121.html","Buno-Bonnevaux",55,16.98,57,324
"830","091/091122.html","Bures-sur-Yvette",1072,18.93,1204,5664
"831","091/091129.html","Cerny",404,19.93,428,2027
"832","091/091130.html","Chalo-Saint-Mars",151,20.63,122,732
"833","091/091131.html","Chalou-Moulineux",55,21.83,43,252
"834","091/091132.html","Chamarande",172,25,123,688
"835","091/091135.html","Champcueil",285,19.18,299,1486
"836","091/091136.html","Champlan",262,20.94,331,1251
"837","091/091137.html","Champmotteux",32,16.24,31,197
"838","091/091145.html","Chatignonville",6,11.11,11,54
"839","091/091148.html","Chauffour-lès-Etréchy",20,23.81,21,84
"840","091/091156.html","Cheptainville",228,19.74,182,1155
"841","091/091159.html","Chevannes",183,18.07,192,1013
"842","091/091161.html","Chilly-Mazarin",1844,21.58,1945,8544
"843","091/091613.html","Congerville-Thionville",24,17.27,26,139
"844","091/091174.html","Corbeil-Essonnes",4768,31.05,7135,15354
"845","091/091175.html","Corbreuse",186,19.12,154,973
"846","091/091180.html","Courances",24,9.84,31,244
"847","091/091182.html","Courcouronnes",1530,27.96,2063,5472
"848","091/091184.html","Courdimanche-sur-Essonne",29,16.2,37,179
"849","091/091186.html","Courson-Monteloup",60,14.93,82,402
"850","091/091191.html","Crosne",1001,20.95,1085,4778
"851","091/091198.html","D'Huison-Longueville",150,16.59,183,904
"852","091/091195.html","Dannemois",81,15,112,540
"853","091/091200.html","Dourdan",1162,22.38,1167,5191
"854","091/091201.html","Draveil",3266,22.06,3554,14807
"855","091/091204.html","Echarcon",111,21.43,136,518
"856","091/091207.html","Egly",552,21.8,702,2532
"857","091/091215.html","Epinay-sous-Sénart",1554,33.8,1595,4598
"858","091/091216.html","Epinay-sur-Orge",1059,18.28,1305,5793
"859","091/091222.html","Estouches",20,16,39,125
"860","091/091223.html","Etampes",2646,27.08,3209,9770
"861","091/091225.html","Etiolles",270,13.18,445,2048
"862","091/091226.html","Etréchy",739,18.57,803,3980
"863","091/091228.html","Evry",6155,34.69,6652,17744
"864","091/091235.html","Fleury-Mérogis",806,31.36,752,2570
"865","091/091240.html","Fontaine-la-Rivière",14,10.61,25,132
"866","091/091244.html","Fontenay-le-Vicomte",152,18.72,147,812
"867","091/091243.html","Fontenay-lès-Briis",192,15.88,204,1209
"868","091/091249.html","Forges-les-Bains",369,16.13,366,2288
"869","091/091272.html","Gif-sur-Yvette",2122,15.8,2066,13430
"870","091/091273.html","Gironville-sur-Essonne",92,18.97,70,485
"871","091/091274.html","Gometz-la-Ville",115,14.02,101,820
"872","091/091275.html","Gometz-le-Châtel",285,20.1,286,1418
"873","091/091286.html","Grigny",2854,42.28,3674,6750
"874","091/091292.html","Guibeville",68,13.96,52,487
"875","091/091293.html","Guigneville-sur-Essonne",107,17.86,102,599
"876","091/091294.html","Guillerval",68,14.85,126,458
"877","091/091312.html","Igny",1028,16.82,1305,6112
"878","091/091315.html","Itteville",769,19.86,862,3872
"879","091/091318.html","Janville-sur-Juine",271,21.49,201,1261
"880","091/091319.html","Janvry",47,11.44,66,411
"881","091/091326.html","Juvisy-sur-Orge",1815,25.32,2031,7169
"882","091/091232.html","La Ferté-Alais",427,21.22,590,2012
"883","091/091248.html","La Forêt-Sainte-Croix",20,18.87,9,106
"884","091/091247.html","La Forêt-le-Roi",56,18.48,65,303
"885","091/091457.html","La Norville",538,20.83,643,2583
"886","091/091665.html","La Ville-du-Bois",638,16.35,924,3901
"887","091/091330.html","Lardy",806,23.72,741,3398
"888","091/091179.html","Le Coudray-Montceaux",478,19.58,659,2441
"889","091/091494.html","Le Plessis-Pâté",441,18.74,369,2353
"890","091/091630.html","Le Val-Saint-Germain",191,19.27,160,991
"891","091/091284.html","Les Granges-le-Roi",125,16.82,129,743
"892","091/091411.html","Les Molières",202,15.99,160,1263
"893","091/091692.html","Les Ulis",3253,33.84,3190,9614
"894","091/091332.html","Leudeville",144,17.02,149,846
"895","091/091333.html","Leuville-sur-Orge",480,19.97,550,2404
"896","091/091338.html","Limours en Hurepoix",711,17.63,839,4034
"897","091/091339.html","Linas",636,18.56,771,3427
"898","091/091340.html","Lisses",984,23.12,943,4256
"899","091/091345.html","Longjumeau",2387,23.79,2522,10034
"900","091/091347.html","Longpont-sur-Orge",599,16.48,860,3634
"901","091/091359.html","Maisse",254,16.89,342,1504
"902","091/091363.html","Marcoussis",810,16.85,1005,4807
"903","091/091374.html","Marolles-en-Beauce",26,19.85,18,131
"904","091/091376.html","Marolles-en-Hurepoix",649,20.27,696,3201
"905","091/091377.html","Massy",5927,27.37,6747,21652
"906","091/091378.html","Mauchamps",31,16.85,32,184
"907","091/091386.html","Mennecy",1304,15.64,1980,8335
"908","091/091399.html","Mespuits",16,13.45,25,119
"909","091/091405.html","Milly-la-Forêt",429,14.56,517,2946
"910","091/091408.html","Moigny-sur-Ecole",118,13.44,160,878
"911","091/091412.html","Mondeville",71,16.06,114,442
"912","091/091414.html","Monnerville",39,19.4,53,201
"913","091/091421.html","Montgeron",2373,19.58,2945,12122
"914","091/091425.html","Montlhéry",567,15.59,771,3637
"915","091/091432.html","Morangis",1272,19.4,1481,6556
"916","091/091433.html","Morigny-Champigny",447,15.95,617,2803
"917","091/091434.html","Morsang-sur-Orge",2745,26.48,3195,10366
"918","091/091435.html","Morsang-sur-Seine",28,6.57,65,426
"919","091/091393.html","Mérobert",55,14.82,77,371
"920","091/091390.html","Méréville",326,17.43,496,1870
"921","091/091441.html","Nainville-les-Roches",48,16.11,59,298
"922","091/091458.html","Nozay",488,16.87,405,2892
"923","091/091461.html","Ollainville",484,19.13,470,2530
"924","091/091463.html","Oncy-sur-Ecole",114,16.81,102,678
"925","091/091468.html","Ormoy",161,16.45,189,979
"926","091/091469.html","Ormoy-la-Rivière",91,15.29,128,595
"927","091/091471.html","Orsay",1741,18.68,1673,9322
"928","091/091473.html","Orveau",34,24.46,26,139
"929","091/091477.html","Palaiseau",3903,22.38,3651,17436
"930","091/091479.html","Paray-Vieille-Poste",691,17.95,1067,3850
"931","091/091482.html","Pecqueuse",41,11.85,42,346
"932","091/091495.html","Plessis-Saint-Benoist",33,16.5,36,200
"933","091/091507.html","Prunay-sur-Essonne",32,15.09,29,212
"934","091/091508.html","Puiselet-le-Marais",30,15.63,11,192
"935","091/091511.html","Pussay",230,20.28,276,1134
"936","091/091514.html","Quincy-sous-Sénart",1004,24.29,1039,4133
"937","091/091519.html","Richarville",42,15.05,27,279
"938","091/091521.html","Ris-Orangis",3028,26.9,3446,11255
"939","091/091525.html","Roinville-sous-Dourdan",153,18.73,140,817
"940","091/091526.html","Roinvilliers",10,16.39,12,61
"941","091/091533.html","Saclas",210,20.87,170,1006
"942","091/091534.html","Saclay",359,15.47,337,2320
"943","091/091538.html","Saint-Aubin",64,12.31,48,520
"944","091/091540.html","Saint-Chéron",554,18.68,634,2965
"945","091/091544.html","Saint-Cyr-la-Rivière",58,17.85,46,325
"946","091/091546.html","Saint-Cyr-sous-Dourdan",112,16.4,152,683
"947","091/091547.html","Saint-Escobille",65,22.34,44,291
"948","091/091552.html","Saint-Germain-lès-Arpajon",1023,22.21,1053,4606
"949","091/091553.html","Saint-Germain-lès-Corbeil",702,15.49,782,4533
"950","091/091556.html","Saint-Hilaire",38,13.77,27,276
"951","091/091560.html","Saint-Jean-de-Beauregard",41,18.89,25,217
"952","091/091568.html","Saint-Maurice-Montcouronne",144,13.16,151,1094
"953","091/091570.html","Saint-Michel-sur-Orge",2442,25.16,2403,9705
"954","091/091573.html","Saint-Pierre-du-Perray",1121,21.65,1740,5179
"955","091/091578.html","Saint-Sulpice-de-Favières",36,15.13,36,238
"956","091/091579.html","Saint-Vrain",286,16.21,330,1764
"957","091/091581.html","Saint-Yon",95,16.24,121,585
"958","091/091549.html","Sainte-Geneviève-des-Bois",3936,23.84,4008,16513
"959","091/091577.html","Saintry-sur-Seine",681,20.86,732,3264
"960","091/091587.html","Saulx-les-Chartreux",659,21.09,545,3124
"961","091/091589.html","Savigny-sur-Orge",3696,20.92,5032,17670
"962","091/091593.html","Sermaise",195,17.82,195,1094
"963","091/091599.html","Soisy-sur-Ecole",134,17.43,165,769
"964","091/091600.html","Soisy-sur-Seine",612,13.99,1031,4373
"965","091/091602.html","Souzy-la-Briche",50,23.36,28,214
"966","091/091617.html","Tigery",370,19.68,369,1880
"967","091/091619.html","Torfou",43,26.06,30,165
"968","091/091629.html","Valpuiseaux",57,14.43,70,395
"969","091/091631.html","Varennes-Jarcy",181,12.13,233,1492
"970","091/091634.html","Vaugrigneuse",132,17.32,128,762
"971","091/091635.html","Vauhallan",202,15.12,205,1336
"972","091/091639.html","Vayres-sur-Essonne",91,16.16,115,563
"973","091/091645.html","Verrières-le-Buisson",1351,13.19,2038,10242
"974","091/091648.html","Vert-le-Grand",240,17.16,296,1399
"975","091/091649.html","Vert-le-Petit",350,21.59,314,1621
"976","091/091654.html","Videlles",67,15.06,67,445
"977","091/091657.html","Vigneux-sur-Seine",3645,28.6,4506,12743
"978","091/091659.html","Villabé",718,26.05,569,2756
"979","091/091661.html","Villebon-sur-Yvette",1087,18.21,1068,5969
"980","091/091662.html","Villeconin",103,20.56,71,501
"981","091/091666.html","Villejust",199,16.04,222,1241
"982","091/091667.html","Villemoisson-sur-Orge",764,18.08,731,4225
"983","091/091671.html","Villeneuve-sur-Auvers",74,18.83,82,393
"984","091/091679.html","Villiers-le-Bâcle",154,19.27,73,799
"985","091/091685.html","Villiers-sur-Orge",479,19,587,2521
"986","091/091687.html","Viry-Chatillon",3147,22.91,4748,13737
"987","091/091689.html","Wissous",671,16.4,1094,4091
"988","091/091691.html","Yerres",2818,16.63,3593,16949
"989","092/092002.html","Antony",6018,17.58,6486,34226
"990","092/092004.html","Asnières-sur-Seine",7669,19.74,8578,38842
"991","092/092007.html","Bagneux",5832,36.28,5369,16076
"992","092/092009.html","Bois-Colombes",2257,15.74,3242,14336
"993","092/092012.html","Boulogne-Billancourt",6785,11.09,15227,61157
"994","092/092014.html","Bourg-la-Reine",1891,16.65,2202,11355
"995","092/092022.html","Chaville",1814,16.1,2042,11268
"996","092/092019.html","Châtenay-Malabry",3306,22.16,3336,14918
"997","092/092020.html","Châtillon",3536,19.37,3682,18259
"998","092/092023.html","Clamart",5339,18.8,6330,28401
"999","092/092024.html","Clichy",6653,29.58,5564,22491
"1000","092/092025.html","Colombes",9346,25.37,9714,36833
"1001","092/092026.html","Courbevoie",6129,14.61,9609,41965
"1002","092/092032.html","Fontenay-aux-Roses",2496,20.66,3739,12079
"1003","092/092033.html","Garches",1016,9.59,1975,10598
"1004","092/092036.html","Gennevilliers",7597,47.09,5526,16133
"1005","092/092040.html","Issy-les-Moulineaux",5996,16.2,9050,37022
"1006","092/092035.html","La Garenne-Colombes",2056,13.34,3121,15418
"1007","092/092060.html","Le Plessis-Robinson",2785,17.57,2947,15850
"1008","092/092044.html","Levallois-Perret",4103,11.69,6107,35098
"1009","092/092046.html","Malakoff",4916,32.82,3186,14980
"1010","092/092047.html","Marnes-la-Coquette",71,6.83,171,1039
"1011","092/092048.html","Meudon",4225,16.79,5715,25160
"1012","092/092049.html","Montrouge",4673,19.34,4312,24158
"1013","092/092050.html","Nanterre",11877,32.97,10655,36029
"1014","092/092051.html","Neuilly-sur-Seine",1162,3.54,4180,32792
"1015","092/092062.html","Puteaux",3992,16.72,4530,23871
"1016","092/092063.html","Rueil-Malmaison",6132,13.81,9298,44415
"1017","092/092064.html","Saint-Cloud",1304,7.88,2628,16556
"1018","092/092071.html","Sceaux",1616,13.47,2914,11993
"1019","092/092073.html","Suresnes",3922,16.59,4342,23635
"1020","092/092072.html","Sèvres",1906,14.93,2166,12763
"1021","092/092075.html","Vanves",2841,18.91,3228,15024
"1022","092/092076.html","Vaucresson",392,7.44,835,5269
"1023","092/092077.html","Ville-d'Avray",627,9.64,837,6507
"1024","092/092078.html","Villeneuve-la-Garenne",3009,36.51,3872,8242
"1025","093/093001.html","Aubervilliers",7242,41.1,9188,17620
"1026","093/093005.html","Aulnay-sous-Bois",10214,33.81,13293,30209
"1027","093/093006.html","Bagnolet",5079,40.23,5472,12624
"1028","093/093008.html","Bobigny",6051,43.2,7995,14006
"1029","093/093010.html","Bondy",6055,34.49,6446,17554
"1030","093/093014.html","Clichy-sous-Bois",2362,35.86,4390,6586
"1031","093/093015.html","Coubron",504,18.44,590,2733
"1032","093/093029.html","Drancy",8092,33.48,9989,24167
"1033","093/093030.html","Dugny",1354,39.52,1468,3426
"1034","093/093031.html","Epinay-sur-Seine",6061,36.33,8491,16682
"1035","093/093032.html","Gagny",3930,23.92,4453,16431
"1036","093/093033.html","Gournay-sur-Marne",675,17.25,713,3913
"1037","093/093039.html","L'Ile-Saint-Denis",1213,45.53,934,2664
"1038","093/093027.html","La Courneuve",4452,44.36,4249,10037
"1039","093/093007.html","Le Blanc-Mesnil",6600,37.91,6814,17410
"1040","093/093013.html","Le Bourget",1325,29.42,1712,4504
"1041","093/093061.html","Le Pré-Saint-Gervais",2282,33.38,2122,6837
"1042","093/093062.html","Le Raincy",1120,14.36,2691,7800
"1043","093/093045.html","Les Lilas",3365,29.61,2860,11365
"1044","093/093057.html","Les Pavillons-sous-Bois",2010,23.5,2956,8552
"1045","093/093046.html","Livry-Gargan",4066,23.46,4570,17333
"1046","093/093047.html","Montfermeil",2545,27.78,3307,9162
"1047","093/093048.html","Montreuil",17014,40.08,14244,42448
"1048","093/093049.html","Neuilly-Plaisance",2204,22.37,2390,9851
"1049","093/093050.html","Neuilly-sur-Marne",3886,28.43,4131,13671
"1050","093/093051.html","Noisy-le-Grand",7312,25.91,7937,28223
"1051","093/093053.html","Noisy-le-Sec",5244,37.43,5632,14009
"1052","093/093055.html","Pantin",6977,37.26,6072,18727
"1053","093/093059.html","Pierrefitte-sur-Seine",3041,39.92,3686,7618
"1054","093/093063.html","Romainville",3564,35.46,4196,10050
"1055","093/093064.html","Rosny-sous-Bois",4476,27.06,6171,16538
"1056","093/093066.html","Saint-Denis",12526,43.39,15049,28870
"1057","093/093070.html","Saint-Ouen",6488,38.41,7152,16891
"1058","093/093071.html","Sevran",5714,36.46,6623,15670
"1059","093/093072.html","Stains",4214,41.23,5768,10220
"1060","093/093073.html","Tremblay-en-France",5226,35.51,5647,14716
"1061","093/093074.html","Vaujours",691,23.37,1243,2957
"1062","093/093077.html","Villemomble",2610,21.11,2831,12364
"1063","093/093078.html","Villepinte",4603,35.65,5675,12912
"1064","093/093079.html","Villetaneuse",1736,45.07,1802,3852
"1065","094/094001.html","Ablon-sur-Seine",515,21.15,639,2435
"1066","094/094002.html","Alfortville",5061,27.25,5002,18574
"1067","094/094003.html","Arcueil",3087,33.35,3076,9255
"1068","094/094004.html","Boissy-Saint-Léger",1661,26.15,1789,6351
"1069","094/094011.html","Bonneuil-sur-Marne",2355,37.32,2443,6311
"1070","094/094015.html","Bry-sur-Marne",1349,14.63,2163,9223
"1071","094/094016.html","Cachan",3519,26.63,3373,13216
"1072","094/094017.html","Champigny-sur-Marne",10106,32.7,10989,30904
"1073","094/094018.html","Charenton-le-Pont",2692,16.82,3538,16006
"1074","094/094019.html","Chennevières-sur-Marne",1601,19.94,2094,8030
"1075","094/094021.html","Chevilly-Larue",2353,29.28,2454,8036
"1076","094/094022.html","Choisy-le-Roi",5165,32.44,4160,15920
"1077","094/094028.html","Créteil",9491,27.55,9696,34450
"1078","094/094033.html","Fontenay-sous-Bois",7263,28.68,6944,25327
"1079","094/094034.html","Fresnes",2837,25.71,3963,11036
"1080","094/094037.html","Gentilly",2756,36.9,2049,7469
"1081","094/094041.html","Ivry-sur-Seine",8805,39.67,5095,22198
"1082","094/094042.html","Joinville-le-Pont",1916,19.16,2179,10001
"1083","094/094038.html","L'Hay-les-Roses",3423,23.43,4070,14612
"1084","094/094060.html","La Queue-en-Brie",1275,22.73,1378,5609
"1085","094/094043.html","Le Kremlin-Bicêtre",2925,27.28,3662,10721
"1086","094/094058.html","Le Perreux-sur-Marne",2999,16.32,4540,18375
"1087","094/094059.html","Le Plessis-Trévise",1776,19.15,2232,9274
"1088","094/094044.html","Limeil-Brévannes",2638,26.86,2583,9820
"1089","094/094046.html","Maisons-Alfort",5706,19.69,6544,28977
"1090","094/094047.html","Mandres-les-Roses",395,15.55,531,2541
"1091","094/094048.html","Marolles-en-Brie",399,13.01,663,3067
"1092","094/094052.html","Nogent-sur-Marne",2368,13.43,4590,17637
"1093","094/094053.html","Noiseau",440,15.97,584,2756
"1094","094/094054.html","Orly",2975,35.98,2702,8269
"1095","094/094055.html","Ormesson-sur-Marne",715,13.3,1215,5374
"1096","094/094056.html","Périgny-sur-Yerres",233,16,262,1456
"1097","094/094065.html","Rungis",603,17.55,514,3436
"1098","094/094067.html","Saint-Mandé",1573,12.53,2809,12557
"1099","094/094068.html","Saint-Maur-des-Fossés",5648,13.34,8299,42346
"1100","094/094069.html","Saint-Maurice",1159,17.24,1452,6721
"1101","094/094070.html","Santeny",248,11.48,396,2160
"1102","094/094071.html","Sucy-en-Brie",2475,17.71,2669,13972
"1103","094/094073.html","Thiais",2778,21.9,3557,12683
"1104","094/094074.html","Valenton",1844,42,1711,4390
"1105","094/094075.html","Villecresnes",863,15.7,1044,5498
"1106","094/094076.html","Villejuif",7076,33.7,7793,20994
"1107","094/094078.html","Villeneuve-Saint-Georges",2977,32.56,3497,9142
"1108","094/094077.html","Villeneuve-le-Roi",2142,27.11,2733,7901
"1109","094/094079.html","Villiers-sur-Marne",3205,25.56,3410,12540
"1110","094/094080.html","Vincennes",4297,15.46,4688,27793
"1111","094/094081.html","Vitry-sur-Seine",11425,35.24,12294,32424
"1112","095/095002.html","Ableiges",101,16.29,105,620
"1113","095/095008.html","Aincourt",83,17.89,94,464
"1114","095/095011.html","Ambleville",36,15.52,44,232
"1115","095/095012.html","Amenucourt",26,20.47,30,127
"1116","095/095014.html","Andilly",149,11.52,210,1293
"1117","095/095018.html","Argenteuil",13038,33.89,14285,38474
"1118","095/095019.html","Arnouville",1296,22.54,1857,5749
"1119","095/095023.html","Arronville",55,13.13,70,419
"1120","095/095024.html","Arthies",31,18.02,50,172
"1121","095/095026.html","Asnières-sur-Oise",275,17.08,318,1610
"1122","095/095028.html","Attainville",179,17.88,257,1001
"1123","095/095039.html","Auvers-sur-Oise",871,20.01,958,4353
"1124","095/095040.html","Avernes",62,11.59,73,535
"1125","095/095042.html","Baillet-en-France",220,17.64,232,1247
"1126","095/095046.html","Banthelu",8,9.76,11,82
"1127","095/095051.html","Beauchamp",816,16.39,1045,4980
"1128","095/095052.html","Beaumont-sur-Oise",1053,25.53,1157,4125
"1129","095/095055.html","Bellefontaine",51,20.9,51,244
"1130","095/095056.html","Belloy-en-France",169,16.27,224,1039
"1131","095/095058.html","Bernes-sur-Oise",315,24.96,237,1262
"1132","095/095059.html","Berville",32,14.61,39,219
"1133","095/095060.html","Bessancourt",732,19.49,1005,3755
"1134","095/095063.html","Bezons",3477,32.23,3669,10788
"1135","095/095074.html","Boisemont",75,14.94,71,502
"1136","095/095078.html","Boissy-l'Aillerie",199,19.08,176,1043
"1137","095/095088.html","Bonneuil-en-France",95,25.61,112,371
"1138","095/095091.html","Bouffémont",803,24.7,740,3251
"1139","095/095094.html","Bouqueval",23,14.84,37,155
"1140","095/095101.html","Bray-et-Lû",86,17.17,110,501
"1141","095/095110.html","Brignancourt",21,14.38,20,146
"1142","095/095116.html","Bruyères-sur-Oise",474,25.19,624,1882
"1143","095/095102.html","Bréançon",24,8.92,33,269
"1144","095/095119.html","Buhy",19,10.86,48,175
"1145","095/095120.html","Butry-sur-Oise",243,18.44,274,1318
"1146","095/095061.html","Béthemont-la-Forêt",47,16.67,41,282
"1147","095/095127.html","Cergy",7409,32.2,8169,23011
"1148","095/095134.html","Champagne-sur-Oise",562,20.01,782,2809
"1149","095/095141.html","Charmont",0,0,1,15
"1150","095/095142.html","Chars",235,21.5,187,1093
"1151","095/095149.html","Chaumontel",343,16.25,533,2111
"1152","095/095150.html","Chaussy",73,19.36,66,377
"1153","095/095151.html","Chauvry",12,7.06,45,170
"1154","095/095154.html","Chennevières-lès-Louvres",34,19.88,27,171
"1155","095/095144.html","Châtenay-en-France",4,8.33,7,48
"1156","095/095157.html","Chérence",21,14.89,14,141
"1157","095/095166.html","Cléry-en-Vexin",57,19.59,45,291
"1158","095/095169.html","Commeny",70,22.73,37,308
"1159","095/095170.html","Condécourt",34,10.53,45,323
"1160","095/095176.html","Cormeilles-en-Parisis",2278,18.21,3031,12509
"1161","095/095177.html","Cormeilles-en-Vexin",114,16.72,133,682
"1162","095/095181.html","Courcelles-sur-Viosne",32,17.11,30,187
"1163","095/095183.html","Courdimanche",750,21.53,749,3484
"1164","095/095197.html","Deuil-la-Barre",2540,22.98,3618,11055
"1165","095/095199.html","Domont",1497,19.29,2064,7759
"1166","095/095203.html","Eaubonne",2462,19.43,3256,12668
"1167","095/095205.html","Ecouen",966,25.66,1138,3765
"1168","095/095210.html","Enghien-les-Bains",878,13.76,1793,6381
"1169","095/095211.html","Ennery",203,15.44,223,1315
"1170","095/095213.html","Epiais-Rhus",53,11.45,84,463
"1171","095/095212.html","Epiais-lès-Louvres",9,16.36,16,55
"1172","095/095214.html","Epinay-Champlâtreux",3,6.82,5,44
"1173","095/095218.html","Eragny",2007,23.91,2576,8395
"1174","095/095219.html","Ermont",3245,22.96,4623,14132
"1175","095/095229.html","Ezanville",1107,22.67,1391,4884
"1176","095/095241.html","Fontenay-en-Parisis",217,21.99,153,987
"1177","095/095250.html","Fosses",1250,26.73,1515,4676
"1178","095/095252.html","Franconville",3648,22.53,5226,16189
"1179","095/095258.html","Frouville",45,16.54,46,272
"1180","095/095253.html","Frémainville",64,20.45,54,313
"1181","095/095254.html","Frémécourt",53,15.82,66,335
"1182","095/095256.html","Frépillon",342,18.8,465,1819
"1183","095/095259.html","Gadancourt",10,14.49,3,69
"1184","095/095268.html","Garges-lès-Gonesse",4532,39.91,5913,11355
"1185","095/095270.html","Genainville",68,18.63,73,365
"1186","095/095277.html","Gonesse",2844,29.5,4504,9640
"1187","095/095280.html","Goussainville",3508,32.98,4863,10637
"1188","095/095282.html","Gouzangrez",18,15.25,14,118
"1189","095/095287.html","Grisy-les-Plâtres",45,10.32,70,436
"1190","095/095288.html","Groslay",842,20.54,1087,4100
"1191","095/095295.html","Guiry-en-Vexin",16,13.01,13,123
"1192","095/095271.html","Génicourt",39,11.75,55,332
"1193","095/095298.html","Haravilliers",55,15.28,52,360
"1194","095/095301.html","Haute-Isle",28,15.64,31,179
"1195","095/095306.html","Herblay",3009,20.47,3985,14699
"1196","095/095309.html","Hodent",18,13.64,26,132
"1197","095/095304.html","Hédouville",20,9.76,32,205
"1198","095/095308.html","Hérouville",58,14.57,48,398
"1199","095/095316.html","Jagny-sous-Bois",29,17.37,17,167
"1200","095/095323.html","Jouy-le-Moutier",2261,27.06,2373,8357
"1201","095/095313.html","L'Isle-Adam",923,13.79,1110,6694
"1202","095/095139.html","La Chapelle-en-Vexin",34,17.17,33,198
"1203","095/095257.html","La Frette-sur-Seine",496,18.33,448,2706
"1204","095/095523.html","La Roche-Guyon",56,22.76,47,246
"1205","095/095328.html","Labbeville",41,11.75,51,349
"1206","095/095331.html","Lassy",15,15.31,20,98
"1207","095/095054.html","Le Bellay-en-Vexin",22,16.06,17,137
"1208","095/095303.html","Le Heaulme",13,10.16,24,128
"1209","095/095395.html","Le Mesnil-Aubry",97,17.67,123,549
"1210","095/095483.html","Le Perchay",57,17.33,57,329
"1211","095/095491.html","Le Plessis-Bouchard",725,15.86,1011,4572
"1212","095/095492.html","Le Plessis-Gassot",3,8.11,4,37
"1213","095/095493.html","Le Plessis-Luzarches",15,16.85,21,89
"1214","095/095612.html","Le Thillay",387,21.21,522,1825
"1215","095/095341.html","Livilliers",20,8.7,44,230
"1216","095/095348.html","Longuesse",68,18.99,58,358
"1217","095/095351.html","Louvres",1151,25.49,1876,4516
"1218","095/095352.html","Luzarches",489,18.76,635,2606
"1219","095/095353.html","Maffliers",207,20.7,173,1000
"1220","095/095355.html","Magny-en-Vexin",557,18.43,709,3022
"1221","095/095365.html","Mareil-en-France",50,13.37,86,374
"1222","095/095369.html","Margency",233,13.05,268,1786
"1223","095/095370.html","Marines",324,17.31,386,1872
"1224","095/095371.html","Marly-la-Ville",755,23.37,917,3230
"1225","095/095379.html","Maudétour-en-Vexin",18,12.16,15,148
"1226","095/095387.html","Menouville",6,15.38,10,39
"1227","095/095388.html","Menucourt",792,25.12,772,3153
"1228","095/095409.html","Moisselles",112,15.69,124,714
"1229","095/095422.html","Montgeroult",62,22.55,39,275
"1230","095/095424.html","Montigny-lès-Cormeilles",2471,30.36,2943,8138
"1231","095/095426.html","Montlignon",269,15.17,317,1773
"1232","095/095427.html","Montmagny",1668,30.3,2072,5505
"1233","095/095428.html","Montmorency",1946,17.95,2464,10840
"1234","095/095429.html","Montreuil-sur-Epte",55,18.09,45,304
"1235","095/095430.html","Montsoult",425,20.33,465,2091
"1236","095/095436.html","Mours",161,18.3,173,880
"1237","095/095438.html","Moussy",11,17.74,15,62
"1238","095/095392.html","Mériel",517,18.54,679,2789
"1239","095/095394.html","Méry-sur-Oise",1039,20.79,1189,4997
"1240","095/095445.html","Nerville-la-Forêt",62,16.27,64,381
"1241","095/095446.html","Nesles-la-Vallée",180,14.42,274,1248
"1242","095/095447.html","Neuilly-en-Vexin",16,13.45,18,119
"1243","095/095450.html","Neuville-sur-Oise",164,15.23,173,1077
"1244","095/095452.html","Nointel",108,21.43,90,504
"1245","095/095456.html","Noisy-sur-Oise",58,14.87,76,390
"1246","095/095459.html","Nucourt",68,14.38,64,473
"1247","095/095462.html","Omerville",30,13.64,25,220
"1248","095/095476.html","Osny",1690,20.68,2281,8173
"1249","095/095480.html","Parmain",600,17.99,918,3336
"1250","095/095487.html","Persan",1362,32.09,1253,4244
"1251","095/095488.html","Pierrelaye",1004,27.19,1187,3693
"1252","095/095489.html","Piscop",57,13.83,79,412
"1253","095/095500.html","Pontoise",3178,25.28,4152,12571
"1254","095/095504.html","Presles",466,19.71,411,2364
"1255","095/095510.html","Puiseux-Pontoise",39,12.34,41,316
"1256","095/095509.html","Puiseux-en-France",396,21.48,575,1844
"1257","095/095527.html","Roissy-en-France",281,21.7,406,1295
"1258","095/095529.html","Ronquerolles",80,15.47,95,517
"1259","095/095535.html","Sagy",125,16.78,164,745
"1260","095/095539.html","Saint-Brice-sous-Forêt",1345,19.93,1947,6748
"1261","095/095541.html","Saint-Clair-sur-Epte",99,20.75,122,477
"1262","095/095543.html","Saint-Cyr-en-Arthies",26,17.93,25,145
"1263","095/095554.html","Saint-Gervais",93,14.33,95,649
"1264","095/095555.html","Saint-Gratien",2202,22.2,3253,9917
"1265","095/095563.html","Saint-Leu-la-Forêt",1680,18.94,1954,8869
"1266","095/095566.html","Saint-Martin-du-Tertre",298,22.34,407,1334
"1267","095/095572.html","Saint-Ouen-l'Aumône",2559,27.31,2997,9370
"1268","095/095574.html","Saint-Prix",676,15.06,1203,4488
"1269","095/095580.html","Saint-Witz",161,10.01,283,1608
"1270","095/095582.html","Sannois",2902,23.27,3677,12472
"1271","095/095584.html","Santeuil",65,15.63,52,416
"1272","095/095585.html","Sarcelles",5635,29.92,8777,18833
"1273","095/095592.html","Seraincourt",126,16.03,168,786
"1274","095/095594.html","Seugy",113,17.38,119,650
"1275","095/095598.html","Soisy-sous-Montmorency",1728,19.14,2832,9030
"1276","095/095604.html","Survilliers",418,21.3,499,1962
"1277","095/095607.html","Taverny",3110,22.7,3651,13700
"1278","095/095611.html","Theuville",3,17.65,7,17
"1279","095/095610.html","Théméricourt",33,16.67,35,198
"1280","095/095625.html","Us",125,15.06,117,830
"1281","095/095627.html","Vallangoujard",42,10.5,69,400
"1282","095/095628.html","Valmondois",156,18.96,141,823
"1283","095/095633.html","Vaudherland",5,10.64,13,47
"1284","095/095637.html","Vauréal",2273,26.54,2960,8563
"1285","095/095652.html","Viarmes",504,16.41,760,3072
"1286","095/095656.html","Vienne-en-Arthies",44,14.92,27,295
"1287","095/095658.html","Vigny",116,14.74,122,787
"1288","095/095660.html","Villaines-sous-Bois",58,12.53,56,463
"1289","095/095675.html","Villeron",77,16.67,80,462
"1290","095/095676.html","Villers-en-Arthies",64,19.16,43,334
"1291","095/095678.html","Villiers-Adam",85,15.89,48,535
"1292","095/095680.html","Villiers-le-Bel",2932,34.26,4392,8558
"1293","095/095682.html","Villiers-le-Sec",21,19.81,10,106
"1294","095/095641.html","Vémars",256,20.29,510,1262
"1295","095/095651.html","Vétheuil",105,20.31,76,517
"1296","095/095690.html","Wy-dit-Joli-Village",45,17.24,46,261

