"id","name","nb_jlm2012","tx_jlm2012","abstention","exprimés"
"75101","Paris 1er arrondissement",660,7.91,2068,8339
"75102","Paris 2eme arrondissement",993,10.23,2551,9703
"75103","Paris 3eme arrondissement",1710,10.16,4084,16825
"75104","Paris 4eme arrondissement",1350,9.73,3347,13879
"75105","Paris 5eme arrondissement",3001,10.26,6493,29237
"75106","Paris 6eme arrondissement",1249,5.96,4718,20955
"75107","Paris 7eme arrondissement",875,3.48,5680,25170
"75108","Paris 8eme arrondissement",772,4.1,4596,18830
"75109","Paris 9eme arrondissement",2667,9.33,6903,28583
"75110","Paris 10eme arrondissement",5901,14.89,9744,39632
"75111","Paris 11eme arrondissement",9703,14.1,15769,68819
"75112","Paris 12eme arrondissement",8166,11.65,16790,70113
"75113","Paris 13eme arrondissement",11383,13.56,21555,83965
"75114","Paris 14eme arrondissement",7433,11.46,15748,64848
"75115","Paris 15eme arrondissement",8002,7.35,26281,108937
"75116","Paris 16eme arrondissement",2324,3.19,18285,72839
"75117","Paris 17eme arrondissement",5353,7.25,18146,73861
"75118","Paris 18eme arrondissement",12019,15.34,21687,78332
"75119","Paris 19eme arrondissement",11690,15.74,21620,74270
"75120","Paris 20eme arrondissement",14850,17.4,22690,85337
"77001","Achères-la-Forêt",62,8.34,148,743
"77002","Amillis",35,7.76,94,451
"77003","Amponville",16,6.67,36,240
"77004","Andrezel",18,8.22,44,219
"77005","Annet-sur-Marne",153,9.33,395,1640
"77006","Arbonne-la-Forêt",43,8.05,123,534
"77007","Argentières",18,7.44,30,242
"77008","Armentières-en-Brie",47,8.5,207,553
"77009","Arville",5,5.49,24,91
"77010","Aubepierre-Ozouer-le-Repos",57,10.88,101,524
"77011","Aufferville",37,12.46,60,297
"77012","Augers-en-Brie",9,4.05,48,222
"77013","Aulnoy",20,8.06,61,248
"77014","Avon",715,10.49,1932,6817
"77015","Baby",4,7.27,11,55
"77016","Bagneaux-sur-Loing",115,13.43,172,856
"77018","Bailly-Romainvilliers",245,8.98,705,2729
"77019","Balloy",17,8.42,42,202
"77020","Bannost-Villegagnon",28,7.82,77,358
"77021","Barbey",13,11.21,15,116
"77022","Barbizon",56,5.87,242,954
"77023","Barcy",13,8.84,32,147
"77024","Bassevelle",17,8.46,46,201
"77025","Bazoches-lès-Bray",37,7.34,117,504
"77026","Beauchery-Saint-Martin",17,8.1,40,210
"77027","Beaumont-du-Gâtinais",74,13.29,126,557
"77028","Beautheil",37,9.46,91,391
"77029","Beauvoir",18,13.14,22,137
"77030","Bellot",40,9.24,96,433
"77031","Bernay-Vilbert",55,10.62,100,518
"77032","Beton-Bazoches",30,7.67,127,391
"77033","Bezalles",14,11.48,21,122
"77034","Blandy",59,12.32,66,479
"77035","Blennes",37,10.48,78,353
"77037","Bois-le-Roi",337,9.18,937,3673
"77036","Boisdon",6,7.79,16,77
"77038","Boissettes",11,3.83,56,287
"77039","Boissise-la-Bertrand",53,9.27,147,572
"77040","Boissise-le-Roi",151,6.7,471,2254
"77041","Boissy-aux-Cailles",21,9.5,35,221
"77042","Boissy-le-Châtel",178,9.52,423,1870
"77043","Boitron",18,8.82,49,204
"77044","Bombon",72,13.21,104,545
"77045","Bougligny",44,10.14,112,434
"77046","Boulancourt",18,7.5,58,240
"77047","Bouleurs",64,8.12,209,788
"77048","Bourron-Marlotte",115,6.94,385,1658
"77049","Boutigny",35,6.11,100,573
"77050","Bransles",12,3.91,56,307
"77051","Bray-sur-Seine",108,9.73,447,1110
"77052","Bréau",27,12.11,44,223
"77053","Brie-Comte-Robert",741,10.02,2445,7397
"77055","Brou-sur-Chantereine",295,14.1,732,2092
"77056","Burcy",8,9.3,29,86
"77057","Bussières",16,6.96,55,230
"77058","Bussy-Saint-Georges",843,8.66,3154,9736
"77059","Bussy-Saint-Martin",40,8.77,104,456
"77060","Buthiers",38,8.39,93,453
"77061","Cannes-Ecluse",121,9.73,310,1244
"77062","Carnetin",23,9.66,46,238
"77065","Cély",47,6.43,154,731
"77066","Cerneux",13,6.5,42,200
"77067","Cesson",577,10.92,1102,5282
"77068","Cessoy-en-Montois",0,0,25,150
"77069","Chailly-en-Bière",112,9.44,287,1187
"77070","Chailly-en-Brie",55,7.71,200,713
"77071","Chaintreaux",83,14.51,119,572
"77072","Chalautre-la-Grande",34,9.26,84,367
"77073","Chalautre-la-Petite",37,10.95,72,338
"77075","Chalifert",89,13.15,192,677
"77076","Chalmaison",66,15.21,106,434
"77077","Chambry",46,8.42,136,546
"77078","Chamigny",65,9.49,168,685
"77079","Champagne-sur-Seine",363,12.5,778,2903
"77080","Champcenest",4,3.92,12,102
"77081","Champdeuil",36,10.75,73,335
"77082","Champeaux",45,9.38,79,480
"77083","Champs-sur-Marne",1564,14.58,3402,10724
"77084","Changis-sur-Marne",51,7.86,180,649
"77085","Chanteloup-en-Brie",122,10.2,344,1196
"77094","Charmentray",14,8.59,19,163
"77095","Charny",68,10.32,137,659
"77096","Chartrettes",146,9.13,302,1600
"77097","Chartronges",10,5.85,34,171
"77099","Château-Landon",140,8.85,510,1582
"77098","Châteaubleau",24,11.54,55,208
"77101","Châtenay-sur-Seine",51,9.19,129,555
"77102","Châtenoy",16,17.98,16,89
"77103","Châtillon-la-Borde",20,14.81,27,135
"77104","Châtres",31,7.73,69,401
"77335","Chauconin-Neufmontiers",145,12.8,265,1133
"77106","Chauffry",66,11.68,165,565
"77107","Chaumes-en-Brie",114,7.64,467,1492
"77108","Chelles",2861,12.45,7613,22973
"77109","Chenoise",69,9.6,176,719
"77110","Chenou",17,9.04,44,188
"77111","Chessy",159,8.28,554,1921
"77112","Chevrainvilliers",12,8.05,35,149
"77113","Chevru",62,11.13,108,557
"77114","Chevry-Cossigny",156,7.77,657,2009
"77115","Chevry-en-Sereine",30,9.32,55,322
"77116","Choisy-en-Brie",47,6.01,156,782
"77117","Citry",45,9.72,92,463
"77118","Claye-Souilly",560,9.81,1504,5711
"77119","Clos-Fontaine",7,4.07,35,172
"77120","Cocherel",24,7.67,75,313
"77121","Collégien",225,12.34,422,1824
"77122","Combs-la-Ville",1332,12.11,3869,11001
"77123","Compans",75,17.12,84,438
"77124","Conches-sur-Gondoire",87,8.71,245,999
"77125","Condé-Sainte-Libiaire",87,10.27,157,847
"77126","Congis-sur-Thérouanne",99,10.87,167,911
"77127","Coubert",70,9.5,204,737
"77128","Couilly-Pont-aux-Dames",104,9.47,223,1098
"77129","Coulombs-en-Valois",32,8.89,94,360
"77130","Coulommes",20,8.62,59,232
"77131","Coulommiers",660,10.07,2413,6555
"77132","Coupvray",174,10.3,313,1689
"77133","Courcelles-en-Bassée",5,3.18,19,157
"77134","Courchamp",6,6.67,10,90
"77135","Courpalay",86,11.29,211,762
"77136","Courquetaine",9,8.11,28,111
"77137","Courtacon",10,7.58,32,132
"77138","Courtomer",33,9.38,65,352
"77139","Courtry",370,10.91,1012,3391
"77140","Coutençon",14,8.24,29,170
"77141","Coutevroult",43,9.33,111,461
"77142","Crécy-la-Chapelle",177,7.87,580,2248
"77143","Crégy-lès-Meaux",244,10.78,574,2264
"77144","Crèvecoeur-en-Brie",15,8.29,30,181
"77145","Crisenoy",43,11.41,88,377
"77146","Croissy-Beaubourg",138,10.81,296,1277
"77148","Crouy-sur-Ourcq",114,12.53,208,910
"77149","Cucharmoy",9,6.62,33,136
"77150","Cuisy",23,10.41,54,221
"77151","Dagny",16,7.73,31,207
"77152","Dammarie-les-Lys",1204,14.05,3439,8569
"77153","Dammartin-en-Goële",480,11.35,1107,4229
"77154","Dammartin-sur-Tigeaux",52,10.95,104,475
"77155","Dampmart",153,9.47,517,1616
"77156","Darvault",33,6.82,109,484
"77157","Dhuisy",12,6.78,39,177
"77158","Diant",11,7.33,24,150
"77159","Donnemarie-Dontilly",162,10.64,326,1523
"77161","Dormelles",56,11.13,103,503
"77162","Doue",63,10.75,150,586
"77163","Douy-la-Ramée",17,11.33,33,150
"77164","Echouboulains",38,11.55,50,329
"77166","Ecuelles",180,12.68,302,1419
"77167","Egligny",12,7.59,53,158
"77168","Egreville",126,10.63,333,1185
"77169","Emerainville",478,12.83,989,3727
"77170","Episy",33,10.22,78,323
"77171","Esbly",368,12.2,721,3017
"77172","Esmans",52,9.32,95,558
"77173","Etrépilly",48,10.23,126,469
"77174","Everly",31,9.48,73,327
"77175","Evry-Grégy-sur-Yerre",118,7.99,330,1477
"77176","Faremoutiers",134,10.14,408,1321
"77177","Favières",71,11.4,132,623
"77178","Faÿ-lès-Nemours",45,15.9,44,283
"77179","Féricy",44,11.83,83,372
"77180","Férolles-Attilly",42,6.36,202,660
"77181","Ferrières-en-Brie",120,10.26,201,1170
"77184","Flagy",56,13.49,68,415
"77185","Fleury-en-Bière",18,4.74,60,380
"77187","Fontaine-Fourches",37,10.79,90,343
"77188","Fontaine-le-Port",44,7.36,131,598
"77186","Fontainebleau",561,7.68,2405,7303
"77190","Fontains",7,4.14,29,169
"77191","Fontenailles",69,10.75,134,642
"77192","Fontenay-Trésigny",296,11.37,833,2604
"77193","Forfry",12,8.76,38,137
"77194","Forges",18,8.41,48,214
"77195","Fouju",27,7.87,72,343
"77196","Fresnes-sur-Marne",50,14.88,75,336
"77197","Frétoy",13,15.29,13,85
"77198","Fromont",4,3.13,25,128
"77199","Fublaines",54,8.64,168,625
"77200","Garentreville",11,16.42,15,67
"77201","Gastins",38,8.94,99,425
"77203","Germigny-l'Evêque",63,7.26,223,868
"77204","Germigny-sous-Coulombs",8,7.14,24,112
"77205","Gesvres-le-Chapitre",7,7.37,13,95
"77206","Giremoutiers",8,8.79,19,91
"77207","Gironville",5,5.62,25,89
"77208","Gouaix",77,10.27,223,750
"77209","Gouvernes",54,7.28,148,742
"77211","Grandpuits-Bailly-Carrois",48,8.86,100,542
"77212","Gravon",8,6.78,26,118
"77214","Gressy",32,5.29,131,605
"77215","Gretz-Armainvilliers",403,10.85,1066,3715
"77216","Grez-sur-Loing",69,9.08,153,760
"77217","Grisy-Suisnes",88,7.27,364,1211
"77218","Grisy-sur-Seine",4,5.48,26,73
"77219","Guérard",127,9.72,274,1307
"77220","Guercheville",25,13.09,23,191
"77221","Guermantes",83,10.65,174,779
"77222","Guignes",160,10.49,432,1525
"77223","Gurcy-le-Châtel",32,10.74,60,298
"77224","Hautefeuille",11,10.89,22,101
"77226","Héricy",174,11.2,354,1554
"77227","Hermé",32,9.36,68,342
"77228","Hondevilliers",23,14.11,23,163
"77230","Ichy",15,12.71,29,118
"77231","Isles-les-Meldeuses",44,11.14,74,395
"77232","Isles-lès-Villenoy",60,13.07,111,459
"77233","Iverny",27,9.25,42,292
"77234","Jablines",35,9.94,70,352
"77235","Jaignes",28,15.47,39,181
"77236","Jaulnes",15,6.44,46,233
"77237","Jossigny",23,6.95,91,331
"77238","Jouarre",188,10.01,518,1879
"77239","Jouy-le-Châtel",60,7.99,198,751
"77240","Jouy-sur-Morin",90,7.84,373,1148
"77241","Juilly",98,9.96,221,984
"77242","Jutigny",25,8.71,79,287
"77054","La Brosse-Montceaux",49,12.22,104,401
"77063","La Celle-sur-Morin",84,11.6,142,724
"77086","La Chapelle-Gauthier",79,11.05,147,715
"77087","La Chapelle-Iger",4,4.3,30,93
"77093","La Chapelle-Moutils",18,7.76,69,232
"77089","La Chapelle-Rablais",50,9.78,83,511
"77090","La Chapelle-Saint-Sulpice",14,12.39,15,113
"77088","La Chapelle-la-Reine",108,8.37,392,1291
"77147","La Croix-en-Brie",38,9.74,95,390
"77182","La Ferté-Gaucher",142,7.83,553,1813
"77183","La Ferté-sous-Jouarre",481,11.37,1644,4229
"77202","La Genevraye",30,8.75,100,343
"77210","La Grande-Paroisse",170,12.33,399,1379
"77225","La Haute-Maison",11,7.75,53,142
"77229","La Houssaye-en-Brie",110,12.29,191,895
"77267","La Madeleine-sur-Loing",28,13.08,45,214
"77389","La Rochette",157,9.14,374,1717
"77467","La Tombe",15,10.34,42,145
"77472","La Trétoire",20,8.66,56,231
"77243","Lagny-sur-Marne",1070,11.34,2805,9439
"77244","Larchant",62,12.55,93,494
"77245","Laval-en-Brie",30,10.34,58,290
"77100","Le Châtelet-en-Brie",232,9.25,534,2509
"77285","Le Mée-sur-Seine",1002,12.33,3049,8129
"77291","Le Mesnil-Amelot",36,10.78,103,334
"77363","Le Pin",68,8.71,204,781
"77365","Le Plessis-Feu-Aussoux",28,8.67,57,323
"77367","Le Plessis-Placy",15,9.09,36,165
"77364","Le Plessis-aux-Bois",9,7.69,25,117
"77366","Le Plessis-l'Evêque",11,6.75,22,163
"77485","Le Vaudoué",52,10.12,115,514
"77246","Léchelle",24,7.74,73,310
"77091","Les Chapelles-Bourbon",26,10.97,52,237
"77165","Les Ecrennes",38,9.09,92,418
"77275","Les Marêts",3,3.33,24,90
"77347","Les Ormes-sur-Voulzie",58,11.09,127,523
"77247","Lescherolles",35,12.64,73,277
"77248","Lesches",40,10.5,77,381
"77249","Lésigny",322,7.53,1221,4279
"77250","Leudon-en-Brie",1,0.86,18,116
"77251","Lieusaint",575,13.14,1329,4375
"77252","Limoges-Fourches",14,5.69,51,246
"77253","Lissy",6,5.26,19,114
"77254","Liverdy-en-Brie",73,9.92,154,736
"77255","Livry-sur-Seine",106,9.32,320,1137
"77256","Lizines",7,7.61,23,92
"77257","Lizy-sur-Ourcq",154,10.74,678,1434
"77258","Lognes",799,13.47,2065,5933
"77259","Longperrier",113,10.45,252,1081
"77260","Longueville",111,12.71,234,873
"77261","Lorrez-le-Bocage-Préaux",88,12.5,181,704
"77262","Louan-Villegruis-Fontaine",33,10.71,73,308
"77263","Luisetaines",9,5.92,23,152
"77264","Lumigny-Nesles-Ormeaux",83,9.34,184,889
"77265","Luzancy",59,10.48,142,563
"77266","Machault",36,8.55,116,421
"77268","Magny-le-Hongre",220,8.35,769,2636
"77269","Maincy",119,11.23,233,1060
"77272","Maison-Rouge",36,8.05,75,447
"77270","Maisoncelles-en-Brie",47,9.83,103,478
"77271","Maisoncelles-en-Gâtinais",7,9.59,19,73
"77273","Marchémoret",16,6.53,57,245
"77274","Marcilly",22,9.24,45,238
"77276","Mareuil-lès-Meaux",92,8.06,236,1142
"77277","Marles-en-Brie",76,9.61,183,791
"77278","Marolles-en-Brie",22,8.46,57,260
"77279","Marolles-sur-Seine",86,9.71,162,886
"77280","Mary-sur-Marne",87,12.76,133,682
"77281","Mauperthuis",22,7.83,83,281
"77282","Mauregard",3,1.81,13,166
"77283","May-en-Multien",52,11.21,88,464
"77284","Meaux",2056,10.79,6106,19063
"77286","Meigneux",14,9.21,16,152
"77287","Meilleray",47,14.97,91,314
"77288","Melun",1534,11.58,4932,13250
"77289","Melz-sur-Seine",16,6.58,62,243
"77290","Méry-sur-Marne",45,13.16,94,342
"77292","Messy",54,9.94,135,543
"77293","Misy-sur-Yonne",57,10.88,115,524
"77294","Mitry-Mory",1564,18.75,2761,8341
"77295","Moisenay",71,9.08,173,782
"77296","Moissy-Cramayel",1062,14.45,2591,7348
"77297","Mondreville",15,6.41,51,234
"77298","Mons-en-Montois",63,19.94,45,316
"77299","Montarlot",21,11.67,19,180
"77300","Montceaux-lès-Meaux",32,8.6,86,372
"77301","Montceaux-lès-Provins",21,10.45,36,201
"77302","Montcourt-Fromonville",125,9.81,340,1274
"77303","Montdauphin",9,6.77,37,133
"77304","Montenils",1,3.33,7,30
"77305","Montereau-Fault-Yonne",883,14.24,2531,6201
"77306","Montereau-sur-le-Jard",19,6.25,80,304
"77307","Montévrain",361,10.07,827,3585
"77308","Montgé-en-Goële",44,10.89,132,404
"77309","Monthyon",72,8.29,176,869
"77311","Montigny-Lencoup",89,11.66,131,763
"77310","Montigny-le-Guesdier",22,11.11,39,198
"77312","Montigny-sur-Loing",185,10.66,441,1735
"77313","Montmachoux",14,7.91,24,177
"77314","Montolivet",19,13.48,47,141
"77315","Montry",161,8.99,475,1790
"77316","Moret-sur-Loing",288,11.59,613,2485
"77317","Mormant",234,11.29,634,2073
"77318","Mortcerf",60,8.08,135,743
"77319","Mortery",11,11.34,19,97
"77320","Mouroux",223,8.09,843,2757
"77321","Mousseaux-lès-Bray",34,8.04,113,423
"77322","Moussy-le-Neuf",154,10.22,439,1507
"77323","Moussy-le-Vieux",58,11.05,134,525
"77325","Mouy-sur-Seine",16,6.5,48,246
"77326","Nandy",428,14.16,903,3023
"77327","Nangis",460,12.4,1331,3709
"77328","Nanteau-sur-Essonne",30,10.24,51,293
"77329","Nanteau-sur-Lunain",26,7.65,62,340
"77330","Nanteuil-lès-Meaux",274,9.57,994,2863
"77331","Nanteuil-sur-Marne",42,15.85,36,265
"77332","Nantouillet",10,7.52,51,133
"77333","Nemours",643,12.56,1758,5120
"77336","Neufmoutiers-en-Brie",38,7.39,142,514
"77337","Noisiel",922,14.55,2393,6336
"77338","Noisy-Rudignon",34,9.91,74,343
"77339","Noisy-sur-Ecole",86,6.89,286,1249
"77340","Nonville",60,14.81,60,405
"77341","Noyen-sur-Seine",31,12.35,49,251
"77342","Obsonville",1,1.39,14,72
"77343","Ocquerre",25,12.89,50,194
"77344","Oissery",121,11.14,210,1086
"77345","Orly-sur-Morin",58,15.47,63,375
"77348","Ormesson",15,9.49,32,158
"77349","Othis",525,14.63,935,3588
"77350","Ozoir-la-Ferrière",994,9.83,3481,10114
"77352","Ozouer-le-Voulgis",96,9.97,250,963
"77353","Paley",19,6.35,64,299
"77354","Pamfou",55,11.48,123,479
"77355","Paroy",16,11.35,19,141
"77356","Passy-sur-Seine",8,15.38,5,52
"77357","Pécy",39,8.9,67,438
"77358","Penchard",45,8.47,125,531
"77359","Perthes",92,7.72,304,1191
"77360","Pézarches",30,14.63,55,205
"77361","Pierre-Levée",25,9.8,49,255
"77368","Poigny",19,6.93,56,274
"77369","Poincy",19,4.14,68,459
"77370","Poligny",58,11.55,135,502
"77371","Pommeuse",158,10.64,446,1485
"77372","Pomponne",190,10.8,479,1759
"77373","Pontault-Combault",1810,11.47,4949,15779
"77374","Pontcarré",136,12.5,291,1088
"77376","Précy-sur-Marne",26,6.9,114,377
"77377","Presles-en-Brie",117,10.19,273,1148
"77378","Pringy",115,7.8,361,1474
"77379","Provins",460,9.65,1903,4766
"77380","Puisieux",19,10.73,34,177
"77381","Quiers",30,8.5,72,353
"77382","Quincy-Voisins",363,12.72,760,2853
"77383","Rampillon",48,10.04,83,478
"77384","Réau",52,10.22,128,509
"77385","Rebais",92,8.96,289,1027
"77386","Recloses",26,5.88,109,442
"77387","Remauville",29,10.21,46,284
"77388","Reuil-en-Brie",67,15.62,97,429
"77390","Roissy-en-Brie",1297,12.99,2809,9984
"77391","Rouilly",30,10.79,69,278
"77392","Rouvres",30,8.96,70,335
"77393","Rozay-en-Brie",135,9.72,408,1389
"77394","Rubelles",88,7.82,201,1126
"77395","Rumont",7,8.64,15,81
"77396","Rupéreux",4,6.45,10,62
"77397","Saâcy-sur-Marne",95,9.76,214,973
"77398","Sablonnières",43,10.91,108,394
"77399","Saint-Ange-le-Viel",11,7.97,33,138
"77400","Saint-Augustin",82,7.64,218,1073
"77402","Saint-Barthélemy",16,7.17,35,223
"77403","Saint-Brice",30,6.86,110,437
"77405","Saint-Cyr-sur-Morin",118,11.32,287,1042
"77406","Saint-Denis-lès-Rebais",53,9.46,93,560
"77407","Saint-Fargeau-Ponthierry",610,9.44,1796,6459
"77408","Saint-Fiacre",25,10.92,43,229
"77409","Saint-Germain-Laval",160,10.51,370,1523
"77410","Saint-Germain-Laxis",18,5.07,71,355
"77411","Saint-Germain-sous-Doue",23,8.95,65,257
"77412","Saint-Germain-sur-Ecole",22,9.02,45,244
"77413","Saint-Germain-sur-Morin",211,11.55,518,1827
"77414","Saint-Hilliers",21,7.19,56,292
"77415","Saint-Jean-les-Deux-Jumeaux",65,10.08,174,645
"77416","Saint-Just-en-Brie",14,9.86,29,142
"77417","Saint-Léger",20,16.26,26,123
"77418","Saint-Loup-de-Naud",59,11.41,92,517
"77419","Saint-Mammès",228,12.75,483,1788
"77420","Saint-Mard",232,11.06,610,2097
"77421","Saint-Mars-Vieux-Maisons",12,6.74,46,178
"77423","Saint-Martin-des-Champs",32,7.8,98,410
"77424","Saint-Martin-du-Boschet",14,8.92,31,157
"77425","Saint-Martin-en-Bière",33,6.47,106,510
"77426","Saint-Méry",23,9.79,41,235
"77427","Saint-Mesmes",32,10.7,57,299
"77428","Saint-Ouen-en-Brie",59,11.01,127,536
"77429","Saint-Ouen-sur-Morin",28,7.95,48,352
"77430","Saint-Pathus",304,9.74,716,3120
"77431","Saint-Pierre-lès-Nemours",367,11.65,804,3149
"77432","Saint-Rémy-la-Vanne",55,9.11,143,604
"77434","Saint-Sauveur-lès-Bray",13,5.96,48,218
"77435","Saint-Sauveur-sur-Ecole",74,10.59,130,699
"77436","Saint-Siméon",49,9.8,124,500
"77437","Saint-Soupplets",182,10.9,411,1669
"77438","Saint-Thibault-des-Vignes",396,12.21,970,3244
"77401","Sainte-Aulde",40,9.83,75,407
"77404","Sainte-Colombe",96,9.44,229,1017
"77433","Saints",81,10.55,180,768
"77439","Salins",54,9.11,157,593
"77440","Sammeron",64,11.37,126,563
"77441","Samois-sur-Seine",125,9.69,297,1290
"77442","Samoreau",157,10.85,306,1447
"77443","Sancy",23,10.27,49,224
"77444","Sancy-lès-Provins",19,9,32,211
"77445","Savigny-le-Temple",1607,13.88,4287,11574
"77446","Savins",54,15.65,57,345
"77447","Seine-Port",109,9.04,288,1206
"77448","Sept-Sorts",18,7,51,257
"77449","Serris",322,10.9,1054,2953
"77450","Servon",183,9.91,484,1847
"77451","Signy-Signets",27,7.52,71,359
"77452","Sigy",5,9.62,5,52
"77453","Sivry-Courtry",62,9.31,109,666
"77454","Sognolles-en-Montois",28,11.52,58,243
"77455","Soignolles-en-Brie",117,10.03,263,1166
"77456","Soisy-Bouy",46,9.77,98,471
"77457","Solers",94,13.58,176,692
"77458","Souppes-sur-Loing",284,11.09,903,2562
"77459","Sourdun",66,9.68,123,682
"77460","Tancrou",23,11.06,29,208
"77461","Thénisy",21,10.99,40,191
"77462","Thieux",26,9.06,85,287
"77463","Thomery",211,10.44,476,2022
"77464","Thorigny-sur-Marne",479,10.49,1387,4567
"77465","Thoury-Férottes",53,13.18,71,402
"77466","Tigeaux",13,6.34,45,205
"77468","Torcy",1259,14.03,3090,8972
"77469","Touquin",50,8.12,166,616
"77470","Tournan-en-Brie",476,11.56,1404,4119
"77471","Tousson",30,12.61,58,238
"77473","Treuzy-Levelay",18,5.88,63,306
"77474","Trilbardou",25,8.25,84,303
"77475","Trilport",280,10.23,726,2738
"77476","Trocy-en-Multien",21,13.21,34,159
"77477","Ury",45,8.81,96,511
"77478","Ussy-sur-Marne",52,10.12,180,514
"77479","Vaires-sur-Marne",759,11.78,1780,6442
"77480","Valence-en-Brie",58,13.88,61,418
"77481","Vanvillé",7,6.09,40,115
"77482","Varennes-sur-Seine",355,20.4,427,1740
"77483","Varreddes",82,8.53,173,961
"77484","Vaucourtois",10,6.85,23,146
"77486","Vaudoy-en-Brie",42,9.4,101,447
"77487","Vaux-le-Pénil",645,10.29,1664,6268
"77489","Vaux-sur-Lunain",3,2.83,25,106
"77490","Vendrest",46,11.5,94,400
"77491","Veneux-les-Sablons",294,10.01,709,2938
"77492","Verdelot",65,15.19,107,428
"77493","Verneuil-l'Etang",178,10.76,474,1654
"77494","Vernou-la-Celle-sur-Seine",197,12.56,447,1568
"77495","Vert-Saint-Denis",545,13.12,1084,4153
"77496","Vieux-Champagne",19,14.96,26,127
"77498","Vignely",9,5.92,22,152
"77516","Ville-Saint-Jacques",34,7.69,125,442
"77500","Villebéon",51,16.56,80,308
"77501","Villecerf",49,9.94,136,493
"77504","Villemaréchal",38,7.09,68,536
"77505","Villemareuil",17,7.23,42,235
"77506","Villemer",50,12.38,96,404
"77507","Villenauxe-la-Petite",26,8.87,52,293
"77510","Villeneuve-Saint-Denis",48,12.63,53,380
"77508","Villeneuve-le-Comte",85,8.91,268,954
"77509","Villeneuve-les-Bordes",28,8.46,72,331
"77511","Villeneuve-sous-Dammartin",22,8.76,72,251
"77512","Villeneuve-sur-Bellot",74,11.25,177,658
"77513","Villenoy",219,11.23,549,1951
"77514","Villeparisis",1363,13.69,3827,9957
"77515","Villeroy",33,9.4,78,351
"77517","Villevaudé",84,9.15,354,918
"77519","Villiers-Saint-Georges",35,5.82,118,601
"77518","Villiers-en-Bière",17,10.69,13,159
"77520","Villiers-sous-Grez",48,9.82,104,489
"77521","Villiers-sur-Morin",82,8.82,242,930
"77522","Villiers-sur-Seine",12,5.97,40,201
"77523","Villuis",14,8.28,38,169
"77524","Vimpelles",14,4.68,71,299
"77525","Vinantes",13,6.95,39,187
"77526","Vincy-Manoeuvre",22,15.28,30,144
"77527","Voinsles",21,7,59,300
"77528","Voisenon",59,8.93,156,661
"77529","Voulangis",56,6.44,208,870
"77530","Voulton",12,5.45,33,220
"77531","Voulx",100,10.6,279,943
"77532","Vulaines-lès-Provins",3,6.25,4,48
"77533","Vulaines-sur-Seine",135,8.93,319,1512
"77534","Yèbles",31,8.88,72,349
"78003","Ablis",165,9.71,327,1700
"78005","Achères",1540,16.38,3493,9403
"78006","Adainville",36,6.86,102,525
"78007","Aigremont",26,4.23,135,615
"78009","Allainville",17,8.72,29,195
"78013","Andelu",24,9.6,50,250
"78015","Andrésy",603,8.71,2013,6924
"78020","Arnouville-lès-Mantes",39,6.91,78,564
"78029","Aubergenville",583,10.9,1663,5347
"78030","Auffargis",124,9.42,291,1316
"78031","Auffreville-Brasseuil",43,11.17,75,385
"78033","Aulnay-sur-Mauldre",58,8.81,133,658
"78034","Auteuil-le-Roi",31,5.24,84,592
"78036","Autouillet",34,10.56,40,322
"78043","Bailly",102,4.07,647,2508
"78048","Bazainville",79,8.97,188,881
"78049","Bazemont",60,5.98,237,1003
"78050","Bazoches-sur-Guyonne",30,8.09,67,371
"78053","Béhoust",21,6.34,65,331
"78057","Bennecourt",136,12.77,248,1065
"78062","Beynes",446,9.68,1067,4609
"78068","Blaru",56,9.14,123,613
"78070","Boinville-en-Mantois",16,7.44,30,215
"78071","Boinville-le-Gaillard",36,9.6,55,375
"78072","Boinvilliers",18,9.38,27,192
"78073","Bois-d'Arcy",631,9.45,1653,6679
"78076","Boissets",23,12.04,38,191
"78082","Boissy-Mauvoisin",26,7.34,63,354
"78084","Boissy-sans-Avoir",18,5.39,59,334
"78087","Bonnelles",129,10.22,197,1262
"78089","Bonnières-sur-Seine",192,9.43,557,2036
"78090","Bouafle",91,7.74,315,1176
"78092","Bougival",269,6.29,1275,4279
"78096","Bourdonné",20,5.25,67,381
"78104","Breuil-Bois-Robert",32,8.04,64,398
"78107","Bréval",91,7.98,164,1140
"78113","Brueil-en-Vexin",26,6.9,65,377
"78117","Buc",224,6.69,845,3349
"78118","Buchelay",128,9.15,359,1399
"78120","Bullion",120,10.56,172,1136
"78123","Carrières-sous-Poissy",629,10.87,2259,5789
"78124","Carrières-sur-Seine",587,8.45,1986,6949
"78128","Cernay-la-Ville",80,8.23,157,972
"78133","Chambourcy",192,6.02,879,3191
"78138","Chanteloup-les-Vignes",444,12.53,1333,3544
"78140","Chapet",55,7.64,163,720
"78143","Châteaufort",83,9.22,209,900
"78146","Chatou",1022,6.67,4197,15333
"78147","Chaufour-lès-Bonnières",14,5.67,35,247
"78152","Chavenay",44,3.92,210,1122
"78160","Chevreuse",267,8.31,774,3212
"78162","Choisel",16,4.49,72,356
"78163","Civry-la-Forêt",25,10.12,43,247
"78164","Clairefontaine-en-Yvelines",35,7.03,82,498
"78168","Coignières",235,12.36,619,1902
"78171","Condé-sur-Vesgre",56,7.98,125,702
"78172","Conflans-Sainte-Honorine",2015,11.09,5299,18172
"78185","Courgent",29,10.39,56,279
"78188","Cravent",20,8.2,58,244
"78189","Crespières",59,6.14,268,961
"78190","Croissy-sur-Seine",275,4.82,1284,5702
"78192","Dammartin-en-Serve",68,10.88,159,625
"78193","Dampierre-en-Yvelines",60,9.39,106,639
"78194","Dannemarie",19,11.52,27,165
"78196","Davron",7,3.61,32,194
"78202","Drocourt",35,11.01,48,318
"78206","Ecquevilly",189,9.49,601,1991
"78208","Elancourt",1399,10.98,3694,12747
"78209","Emancé",41,7.68,98,534
"78217","Epône",333,9.8,785,3398
"78227","Evecquemont",28,5.65,88,496
"78231","Favrieux",7,7.22,21,97
"78233","Feucherolles",87,4.86,387,1791
"78234","Flacourt",3,3.33,17,90
"78236","Flexanville",33,7.86,69,420
"78237","Flins-Neuve-Eglise",4,4.4,20,91
"78238","Flins-sur-Seine",102,8,297,1275
"78239","Follainville-Dennemont",85,8.63,184,985
"78245","Fontenay-Mauvoisin",26,9.29,38,280
"78246","Fontenay-Saint-Père",76,11.5,115,661
"78242","Fontenay-le-Fleury",687,10.69,1543,6425
"78251","Fourqueux",107,4.39,587,2436
"78255","Freneuse",262,12.06,579,2172
"78261","Gaillon-sur-Montcient",52,11.95,81,435
"78262","Galluis",43,6.27,146,686
"78263","Gambais",94,6.21,386,1513
"78264","Gambaiseuil",6,10,7,60
"78265","Garancières",130,9.29,263,1400
"78267","Gargenville",394,10.65,1243,3701
"78269","Gazeran",73,9.46,136,772
"78276","Gommecourt",64,16.45,75,389
"78278","Goupillières",19,6.44,72,295
"78281","Goussonville",26,7.12,82,365
"78283","Grandchamp",9,4.79,22,188
"78285","Gressey",16,4.19,55,382
"78289","Grosrouvre",16,2.61,133,612
"78290","Guernes",63,11.23,90,561
"78291","Guerville",118,9.78,278,1206
"78296","Guitrancourt",25,6.41,67,390
"78297","Guyancourt",1710,12.93,3921,13228
"78299","Hardricourt",113,10.22,242,1106
"78300","Hargeville",21,8.79,37,239
"78305","Herbeville",27,14.59,38,185
"78307","Hermeray",43,6.87,109,626
"78310","Houdan",139,7.97,384,1743
"78311","Houilles",1685,10.63,4615,15847
"78314","Issou",230,10.44,488,2203
"78317","Jambville",44,9.3,78,473
"78320","Jeufosse",25,8.96,46,279
"78321","Jouars-Pontchartrain",224,7.3,654,3070
"78324","Jouy-Mauvoisin",45,13.2,56,341
"78322","Jouy-en-Josas",270,6.87,830,3929
"78325","Jumeauville",36,9.16,68,393
"78327","Juziers",195,9.34,541,2087
"78224","L'Etang-la-Ville",141,5.01,720,2814
"78077","La Boissière-Ecole",47,10.76,79,437
"78126","La Celle-Saint-Cloud",789,7.09,3209,11134
"78125","La Celle-les-Bordes",53,8.69,110,610
"78230","La Falaise",32,8.86,56,361
"78302","La Hauteville",8,4.82,52,166
"78513","La Queue-les-Yvelines",87,7.34,204,1185
"78644","La Verrière",429,20.12,798,2132
"78668","La Villeneuve-en-Chevrie",37,9.54,44,388
"78329","Lainville-en-Vexin",37,6.54,88,566
"78158","Le Chesnay",784,4.82,3821,16276
"78397","Le Mesnil-Saint-Denis",288,7.1,927,4059
"78396","Le Mesnil-le-Roi",199,5.5,999,3620
"78481","Le Pecq",666,7.89,2518,8445
"78486","Le Perray-en-Yvelines",369,9.59,1015,3848
"78502","Le Port-Marly",154,7.14,646,2158
"78606","Le Tartre-Gaudran",2,5.88,2,34
"78608","Le Tertre-Saint-Denis",5,6.33,5,79
"78623","Le Tremblay-sur-Mauldre",34,6.73,89,505
"78650","Le Vésinet",384,4.12,2242,9331
"78010","Les Alluets-le-Roi",43,5.82,131,739
"78108","Les Bréviaires",52,7.26,117,716
"78165","Les Clayes-sous-Bois",1036,11.72,2753,8839
"78220","Les Essarts-le-Roi",333,9.01,1072,3694
"78343","Les Loges-en-Josas",40,4.59,187,871
"78398","Les Mesnuls",44,7.13,91,617
"78440","Les Mureaux",1561,14.73,4881,10601
"78334","Lévis-Saint-Nom",100,9.27,246,1079
"78335","Limay",1303,17.57,2231,7418
"78337","Limetz-Villez",135,11.5,290,1174
"78344","Lommoye",30,7.52,85,399
"78346","Longnes",85,9.53,192,892
"78349","Longvilliers",16,5.37,57,298
"78350","Louveciennes",198,4.53,1043,4367
"78354","Magnanville",360,11.39,746,3160
"78356","Magny-les-Hameaux",663,12.84,1148,5163
"78358","Maisons-Laffitte",716,5.66,3770,12658
"78361","Mantes-la-Jolie",2031,13.92,5992,14590
"78362","Mantes-la-Ville",1198,14.24,3229,8413
"78364","Marcq",33,7.38,51,447
"78367","Mareil-Marly",105,5.09,487,2063
"78366","Mareil-le-Guyon",17,7.14,34,238
"78368","Mareil-sur-Mauldre",63,5.76,216,1093
"78372","Marly-le-Roi",718,7.55,2349,9507
"78380","Maule",249,7.52,861,3311
"78381","Maulette",37,8.47,73,437
"78382","Maurecourt",251,10.59,499,2370
"78383","Maurepas",1179,11.22,3074,10504
"78384","Médan",49,6.13,183,800
"78385","Ménerville",3,2.42,16,124
"78389","Méré",73,6.17,181,1184
"78391","Méricourt",15,7.21,60,208
"78401","Meulan",437,11.22,1475,3896
"78402","Mézières-sur-Seine",181,9.12,578,1985
"78403","Mézy-sur-Seine",90,7.96,236,1130
"78404","Millemont",5,3.05,24,164
"78406","Milon-la-Chapelle",6,2.56,40,234
"78407","Mittainville",40,9.37,69,427
"78410","Moisson",50,8.45,99,592
"78413","Mondreville",20,8.66,52,231
"78415","Montainville",27,7.24,73,373
"78416","Montalet-le-Bois",9,4.21,32,214
"78417","Montchauvet",13,6.22,22,209
"78418","Montesson",649,8.14,2042,7970
"78420","Montfort-l'Amaury",103,6.31,310,1633
"78423","Montigny-le-Bretonneux",1905,10.12,5154,18826
"78431","Morainvilliers",67,4.75,278,1411
"78437","Mousseaux-sur-Seine",38,9.34,127,407
"78439","Mulcent",4,6.25,16,64
"78442","Neauphle-le-Château",112,6.54,438,1712
"78443","Neauphle-le-Vieux",36,6.88,76,523
"78444","Neauphlette",40,8.15,92,491
"78451","Nézel",42,7.61,119,552
"78455","Noisy-le-Roi",196,4.09,1032,4791
"78460","Oinville-sur-Montcient",71,9.81,116,724
"78464","Orcemont",38,7.72,67,492
"78465","Orgerus",132,8.88,280,1486
"78466","Orgeval",118,3.55,926,3323
"78470","Orphin",54,9.11,106,593
"78472","Orsonville",17,8.59,33,198
"78474","Orvilliers",39,9.54,88,409
"78475","Osmoy",18,8,35,225
"78478","Paray-Douaville",9,7.2,14,125
"78484","Perdreauville",32,8.56,58,374
"78490","Plaisir",1590,10.94,3831,14539
"78497","Poigny-la-Forêt",36,5.82,115,619
"78498","Poissy",1754,10.49,4997,16727
"78499","Ponthévrard",30,8.88,58,338
"78501","Porcheville",148,10.91,263,1357
"78503","Port-Villez",6,3.97,29,151
"78506","Prunay-en-Yvelines",45,8.01,95,562
"78505","Prunay-le-Temple",13,5.12,54,254
"78516","Raizeux",82,15.27,122,537
"78517","Rambouillet",1393,9.6,3433,14517
"78518","Rennemoulin",5,5.75,16,87
"78520","Richebourg",65,8.29,141,784
"78522","Rochefort-en-Yvelines",53,9.33,74,568
"78524","Rocquencourt",80,3.99,448,2004
"78528","Rolleboise",16,8.33,61,192
"78530","Rosay",15,6.61,61,227
"78531","Rosny-sur-Seine",333,11.32,637,2942
"78536","Sailly",10,4.31,41,232
"78537","Saint-Arnoult-en-Yvelines",345,9.67,844,3569
"78545","Saint-Cyr-l'Ecole",888,11.06,2751,8026
"78548","Saint-Forget",28,8.86,92,316
"78550","Saint-Germain-de-la-Grange",79,6.92,220,1141
"78551","Saint-Germain-en-Laye",1310,6.53,6093,20075
"78557","Saint-Hilarion",50,8.74,60,572
"78558","Saint-Illiers-la-Ville",21,10.05,45,209
"78559","Saint-Illiers-le-Bois",17,6.51,44,261
"78561","Saint-Lambert",12,4.17,32,288
"78562","Saint-Léger-en-Yvelines",80,8.47,160,945
"78564","Saint-Martin-de-Bréthencourt",47,11.66,68,403
"78565","Saint-Martin-des-Champs",20,9.35,28,214
"78567","Saint-Martin-la-Garenne",45,8.3,90,542
"78571","Saint-Nom-la-Bretèche",82,2.77,618,2955
"78576","Saint-Rémy-l'Honoré",52,6,161,867
"78575","Saint-Rémy-lès-Chevreuse",419,8.88,927,4717
"78569","Sainte-Mesme",75,14.15,92,530
"78586","Sartrouville",2595,12.12,7178,21414
"78588","Saulx-Marchais",35,7.81,82,448
"78590","Senlisse",20,6.02,76,332
"78591","Septeuil",96,7.72,273,1244
"78597","Soindres",28,7.63,60,367
"78601","Sonchamp",86,8.66,219,993
"78605","Tacoignières",67,10.67,118,628
"78609","Tessancourt-sur-Aubette",46,7.55,110,609
"78615","Thiverval-Grignon",45,9.74,119,462
"78616","Thoiry",48,6.96,153,690
"78618","Tilly",20,5.54,52,361
"78620","Toussus-le-Noble",38,6.59,112,577
"78621","Trappes",1724,17.91,3642,9626
"78624","Triel-sur-Seine",471,7.53,1851,6256
"78638","Vaux-sur-Seine",193,8,591,2413
"78640","Vélizy-Villacoublay",1040,9.32,2832,11153
"78642","Verneuil-sur-Seine",757,9.24,2292,8194
"78643","Vernouillet",394,8.51,1059,4631
"78646","Versailles",2432,5.56,11491,43736
"78647","Vert",43,8.33,106,516
"78653","Vicq",19,11.05,28,172
"78655","Vieille-Eglise-en-Yvelines",51,11.14,90,458
"78672","Villennes-sur-Seine",142,4.76,799,2981
"78674","Villepreux",527,9.87,1631,5339
"78677","Villette",32,9.88,87,324
"78683","Villiers-Saint-Fréderic",149,8.93,340,1668
"78681","Villiers-le-Mahieu",25,6.38,71,392
"78686","Viroflay",645,7.38,2045,8734
"78688","Voisins-le-Bretonneux",491,6.64,1850,7396
"91001","Abbéville-la-Rivière",21,10.71,31,196
"91016","Angerville",182,9.46,449,1924
"91017","Angervilliers",99,12,186,825
"91021","Arpajon",498,11.26,1432,4422
"91022","Arrancourt",15,16.85,7,89
"91027","Athis-Mons",1707,13.28,3716,12854
"91035","Authon-la-Plaine",45,20.36,46,221
"91037","Auvernaux",16,8,35,200
"91038","Auvers-Saint-Georges",80,10.91,164,733
"91041","Avrainville",60,12.42,80,483
"91044","Ballainvilliers",144,7.51,413,1918
"91045","Ballancourt-sur-Essonne",462,11.98,1062,3855
"91047","Baulne",78,10.99,163,710
"91064","Bièvres",233,9.41,549,2475
"91067","Blandy",8,9.41,6,85
"91069","Boigneville",21,7.55,65,278
"91075","Bois-Herpin",6,12,3,50
"91079","Boissy-la-Rivière",33,9.22,53,358
"91080","Boissy-le-Cutté",77,12.3,183,626
"91081","Boissy-le-Sec",33,8.01,102,412
"91085","Boissy-sous-Saint-Yon",232,10.59,577,2190
"91086","Bondoufle",511,9.81,1336,5210
"91093","Boullay-les-Troux",33,8.09,69,408
"91095","Bouray-sur-Juine",155,13.2,210,1174
"91097","Boussy-Saint-Antoine",405,11.96,951,3387
"91098","Boutervilliers",24,10.34,45,232
"91099","Boutigny-sur-Essonne",246,12.81,424,1921
"91100","Bouville",42,10.34,79,406
"91103","Brétigny-sur-Orge",1466,13.32,3461,11006
"91105","Breuillet",442,10.07,961,4390
"91106","Breux-Jouy",72,10.18,180,707
"91109","Brières-les-Scellés",52,8.61,109,604
"91111","Briis-sous-Forges",266,14.09,389,1888
"91112","Brouy",7,6.86,3,102
"91114","Brunoy",1314,10.01,3889,13125
"91115","Bruyères-le-Châtel",177,10.12,397,1749
"91121","Buno-Bonnevaux",21,6.4,51,328
"91122","Bures-sur-Yvette",633,11.76,1198,5383
"91129","Cerny",231,11.68,467,1978
"91130","Chalo-Saint-Mars",101,13.5,158,748
"91131","Chalou-Moulineux",34,12.69,35,268
"91132","Chamarande",94,14.55,151,646
"91135","Champcueil",161,11.8,360,1364
"91136","Champlan",127,10,318,1270
"91137","Champmotteux",22,11.22,38,196
"91145","Chatignonville",1,1.79,9,56
"91148","Chauffour-lès-Etréchy",7,8.14,15,86
"91156","Cheptainville",133,13.01,200,1022
"91159","Chevannes",125,13.6,174,919
"91161","Chilly-Mazarin",907,10.75,2321,8435
"91613","Congerville-Thionville",15,10.27,20,146
"91174","Corbeil-Essonnes",2459,15.77,6220,15596
"91175","Corbreuse",123,13.31,165,924
"91180","Courances",18,7.06,28,255
"91182","Courcouronnes",681,11.89,1789,5726
"91184","Courdimanche-sur-Essonne",15,8.06,31,186
"91186","Courson-Monteloup",40,10.72,92,373
"91191","Crosne",595,12.66,1172,4700
"91198","D'Huison-Longueville",92,10.54,156,873
"91195","Dannemois",43,8.48,86,507
"91200","Dourdan",698,13.52,1336,5161
"91201","Draveil",1811,12.52,3832,14468
"91204","Echarcon",48,9.74,119,493
"91207","Egly",287,11.98,607,2396
"91215","Epinay-sous-Sénart",692,14.45,1796,4789
"91216","Epinay-sur-Orge",545,10.26,1390,5313
"91222","Estouches",13,10.83,30,120
"91223","Etampes",1370,14.02,2778,9770
"91225","Etiolles",132,7.2,460,1834
"91226","Etréchy",415,10.9,876,3806
"91228","Evry",2714,14.93,6889,18175
"91235","Fleury-Mérogis",420,19.71,700,2131
"91240","Fontaine-la-Rivière",10,7.35,30,136
"91244","Fontenay-le-Vicomte",89,12.81,108,695
"91243","Fontenay-lès-Briis",99,9.6,235,1031
"91249","Forges-les-Bains",257,12.49,403,2057
"91272","Gif-sur-Yvette",1248,9.7,2676,12867
"91273","Gironville-sur-Essonne",56,12.9,86,434
"91274","Gometz-la-Ville",61,8.68,153,703
"91275","Gometz-le-Châtel",150,11.33,269,1324
"91286","Grigny",1536,21.23,3376,7235
"91292","Guibeville",35,8.35,81,419
"91293","Guigneville-sur-Essonne",65,12.13,130,536
"91294","Guillerval",35,8.01,160,437
"91312","Igny",564,9.93,1424,5677
"91315","Itteville",430,12.19,776,3528
"91318","Janville-sur-Juine",169,14.61,191,1157
"91319","Janvry",36,9.28,48,388
"91326","Juvisy-sur-Orge",919,13.45,1759,6835
"91232","La Ferté-Alais",247,12.43,544,1987
"91248","La Forêt-Sainte-Croix",13,13.13,13,99
"91247","La Forêt-le-Roi",41,13.99,64,293
"91457","La Norville",344,13.45,559,2557
"91665","La Ville-du-Bois",373,11.08,1005,3365
"91330","Lardy",460,14.46,756,3182
"91179","Le Coudray-Montceaux",236,10.32,612,2287
"91494","Le Plessis-Pâté",259,11.72,471,2209
"91630","Le Val-Saint-Germain",107,12.12,192,883
"91284","Les Granges-le-Roi",83,12.19,99,681
"91411","Les Molières",93,8.24,209,1129
"91692","Les Ulis",1646,16.87,2886,9757
"91332","Leudeville",76,9.36,158,812
"91333","Leuville-sur-Orge",241,10.9,505,2212
"91338","Limours en Hurepoix",427,10.73,798,3980
"91339","Linas",327,10.32,810,3168
"91340","Lisses",571,13.47,939,4239
"91345","Longjumeau",1244,12.41,2850,10026
"91347","Longpont-sur-Orge",381,11.24,878,3391
"91359","Maisse",170,11.4,421,1491
"91363","Marcoussis",551,12.36,1055,4458
"91374","Marolles-en-Beauce",17,12.69,23,134
"91376","Marolles-en-Hurepoix",365,12.51,713,2918
"91377","Massy",2954,15.06,5399,19620
"91378","Mauchamps",18,10.29,27,175
"91386","Mennecy",773,10.08,2203,7672
"91390","Méréville",224,12.23,496,1831
"91393","Mérobert",36,10.17,62,354
"91399","Mespuits",12,9.76,26,123
"91405","Milly-la-Forêt",248,8.74,554,2837
"91408","Moigny-sur-Ecole",71,8.37,151,848
"91412","Mondeville",55,13.38,118,411
"91414","Monnerville",23,10.85,55,212
"91421","Montgeron",1262,10.66,3240,11834
"91425","Montlhéry",315,9.43,972,3341
"91432","Morangis",623,9.96,1491,6255
"91433","Morigny-Champigny",263,9.9,755,2657
"91434","Morsang-sur-Orge",1750,16.91,3133,10347
"91435","Morsang-sur-Seine",27,6.91,65,391
"91441","Nainville-les-Roches",32,11,54,291
"91458","Nozay",262,10.67,521,2456
"91461","Ollainville",238,10.08,486,2360
"91463","Oncy-sur-Ecole",47,7.51,78,626
"91468","Ormoy",89,9.81,209,907
"91469","Ormoy-la-Rivière",58,9.63,18,602
"91471","Orsay",999,11.4,1954,8763
"91473","Orveau",19,14.07,38,135
"91477","Palaiseau",2085,13.24,3999,15742
"91479","Paray-Vieille-Poste",410,10.75,1186,3814
"91482","Pecqueuse",23,6.42,46,358
"91495","Plessis-Saint-Benoist",14,7.37,46,190
"91507","Prunay-sur-Essonne",16,7.66,43,209
"91508","Puiselet-le-Marais",22,11.58,29,190
"91511","Pussay",152,13.79,294,1102
"91514","Quincy-sous-Sénart",472,12.07,1020,3909
"91519","Richarville",30,10.99,48,273
"91521","Ris-Orangis",1547,13.63,3624,11350
"91525","Roinville-sous-Dourdan",78,10.68,106,730
"91526","Roinvilliers",4,5.97,6,67
"91533","Saclas",127,13.3,180,955
"91534","Saclay",213,10.76,399,1980
"91538","Saint-Aubin",46,9.31,103,494
"91540","Saint-Chéron",333,12.08,610,2756
"91544","Saint-Cyr-la-Rivière",31,9.87,51,314
"91546","Saint-Cyr-sous-Dourdan",50,7.89,179,634
"91547","Saint-Escobille",43,16.93,60,254
"91552","Saint-Germain-lès-Arpajon",485,12.02,1040,4036
"91553","Saint-Germain-lès-Corbeil",376,8.75,917,4298
"91556","Saint-Hilaire",23,8.81,31,261
"91560","Saint-Jean-de-Beauregard",10,5.88,32,170
"91568","Saint-Maurice-Montcouronne",93,9.26,241,1004
"91570","Saint-Michel-sur-Orge",1366,13.96,2658,9783
"91573","Saint-Pierre-du-Perray",557,12.96,1034,4298
"91578","Saint-Sulpice-de-Favières",28,10.85,35,258
"91579","Saint-Vrain",191,11.36,457,1681
"91581","Saint-Yon",68,12.01,106,566
"91549","Sainte-Geneviève-des-Bois",2036,12.73,4262,15999
"91577","Saintry-sur-Seine",376,12.25,701,3069
"91587","Saulx-les-Chartreux",453,15.36,559,2950
"91589","Savigny-sur-Orge",1982,11.27,4640,17588
"91593","Sermaise",107,10.17,269,1052
"91599","Soisy-sur-Ecole",104,13.7,162,759
"91600","Soisy-sur-Seine",329,7.71,1041,4265
"91602","Souzy-la-Briche",30,15.46,23,194
"91617","Tigery",139,9.28,340,1498
"91619","Torfou",23,14.2,27,162
"91629","Valpuiseaux",38,9.13,59,416
"91631","Varennes-Jarcy",106,7.96,263,1332
"91634","Vaugrigneuse",92,13.53,158,680
"91635","Vauhallan",131,10.29,228,1273
"91639","Vayres-sur-Essonne",66,12.43,100,531
"91645","Verrières-le-Buisson",774,7.99,2240,9682
"91648","Vert-le-Grand",121,9.88,313,1225
"91649","Vert-le-Petit",203,13.15,327,1544
"91654","Videlles",42,9.74,72,431
"91657","Vigneux-sur-Seine",1878,15.12,3911,12423
"91659","Villabé",407,15.49,560,2628
"91661","Villebon-sur-Yvette",614,10.87,1281,5646
"91662","Villeconin",59,12.34,93,478
"91666","Villejust",103,9.13,221,1128
"91667","Villemoisson-sur-Orge",392,9.84,959,3984
"91671","Villeneuve-sur-Auvers",40,10.13,73,395
"91679","Villiers-le-Bâcle",105,14.4,111,729
"91685","Villiers-sur-Orge",258,11.63,579,2218
"91687","Viry-Chatillon",1879,13.49,4261,13931
"91689","Wissous",388,10.56,1018,3673
"91691","Yerres",1558,9.57,3871,16273
"92002","Antony",3356,10.57,7755,31740
"92004","Asnières-sur-Seine",3350,9.5,9279,35247
"92007","Bagneux",3298,21.09,4687,15640
"92009","Bois-Colombes",1176,9.11,3612,12903
"92012","Boulogne-Billancourt",3319,6.21,13310,53451
"92014","Bourg-la-Reine",1010,9.36,2381,10787
"92019","Châtenay-Malabry",1723,12.2,3466,14123
"92020","Châtillon",1890,11.06,4298,17093
"92022","Chaville",891,8.83,2527,10094
"92023","Clamart",2965,10.99,6740,26974
"92024","Clichy",3219,14.59,6786,22066
"92025","Colombes",4505,13.24,10181,34034
"92026","Courbevoie",2895,7.5,11277,38618
"92032","Fontenay-aux-Roses",1420,12.07,3289,11767
"92033","Garches",531,5.46,2501,9720
"92036","Gennevilliers",4314,28.04,5264,15384
"92040","Issy-les-Moulineaux",2990,9.35,9488,31985
"92035","La Garenne-Colombes",1129,8.31,3509,13579
"92060","Le Plessis-Robinson",1624,10.91,3621,14886
"92044","Levallois-Perret",2134,6.72,7296,31763
"92046","Malakoff",3340,23.06,4162,14483
"92047","Marnes-la-Coquette",26,2.85,163,911
"92048","Meudon",2268,9.48,6341,23913
"92049","Montrouge",2556,11.6,5527,22035
"92050","Nanterre",6168,18.57,10435,33218
"92051","Neuilly-sur-Seine",649,2.11,5964,30782
"92062","Puteaux",1997,9.03,5597,22122
"92063","Rueil-Malmaison",3217,7.8,10540,41265
"92064","Saint-Cloud",667,4.36,3529,15291
"92071","Sceaux",929,8.22,2941,11296
"92072","Sèvres",1033,8.8,2876,11742
"92073","Suresnes",1898,9.07,5110,20923
"92075","Vanves",1588,11.13,3079,14272
"92076","Vaucresson",179,3.75,1241,4774
"92077","Ville-d'Avray",301,5.02,1060,5992
"92078","Villeneuve-la-Garenne",1356,15.45,3328,8779
"93001","Aubervilliers",3673,20.47,7914,17945
"93005","Aulnay-sous-Bois",4491,14.63,11934,30687
"93006","Bagnolet",3081,24.88,4656,12383
"93008","Bobigny",2783,19.46,6472,14301
"93010","Bondy",2699,15.22,6473,17728
"93014","Clichy-sous-Bois",997,14.54,3173,6857
"93015","Coubron",301,11.08,694,2716
"93029","Drancy",3911,16.19,10064,24152
"93030","Dugny",639,17.79,1617,3592
"93031","Epinay-sur-Seine",2548,15.19,6821,16773
"93032","Gagny",2013,12.16,5290,16550
"93033","Gournay-sur-Marne",349,9.6,764,3636
"93039","L'Ile-Saint-Denis",553,21.44,813,2579
"93027","La Courneuve",2105,20.42,3869,10310
"93007","Le Blanc-Mesnil",3403,19.6,6785,17360
"93013","Le Bourget",607,12.6,1521,4819
"93061","Le Pré-Saint-Gervais",1044,16.16,1779,6462
"93062","Le Raincy",671,8.71,2371,7701
"93045","Les Lilas",1688,16.19,2766,10424
"93057","Les Pavillons-sous-Bois",1008,11.77,2693,8565
"93046","Livry-Gargan",2102,11.81,5426,17793
"93047","Montfermeil",1320,14.02,3536,9416
"93048","Montreuil",9392,24.09,14367,38990
"93049","Neuilly-Plaisance",1136,11.67,3164,9733
"93050","Neuilly-sur-Marne",1884,13.58,4075,13869
"93051","Noisy-le-Grand",3405,12.94,8068,26319
"93053","Noisy-le-Sec",2620,18.71,5329,14000
"93055","Pantin",3298,18.82,5833,17523
"93059","Pierrefitte-sur-Seine",1418,17.82,3372,7958
"93063","Romainville",1874,19.83,3394,9450
"93064","Rosny-sous-Bois",2205,13.39,5788,16468
"93066","Saint-Denis",6064,21.72,12384,27922
"93070","Saint-Ouen",3186,20.98,6089,15189
"93071","Sevran",2721,16.83,5973,16171
"93072","Stains",2055,19.43,4902,10578
"93073","Tremblay-en-France",2956,19.84,5347,14897
"93074","Vaujours",370,12.5,925,2960
"93077","Villemomble",1309,10.84,2991,12074
"93078","Villepinte",2043,15.49,5479,13185
"93079","Villetaneuse",788,20.31,1606,3880
"94001","Ablon-sur-Seine",299,12.44,599,2404
"94002","Alfortville",2572,14.23,5073,18075
"94003","Arcueil",1806,21.28,3078,8488
"94004","Boissy-Saint-Léger",933,14.38,1856,6490
"94011","Bonneuil-sur-Marne",1280,19.87,2378,6442
"94015","Bry-sur-Marne",748,8.8,2282,8502
"94016","Cachan",1664,13.43,3583,12394
"94017","Champigny-sur-Marne",6183,20.24,10073,30544
"94018","Charenton-le-Pont",1409,9.39,4083,15007
"94019","Chennevières-sur-Marne",855,10.75,2212,7950
"94021","Chevilly-Larue",1252,16.03,1991,7808
"94022","Choisy-le-Roi",2876,18.76,3901,15334
"94028","Créteil",4959,13.6,11251,36472
"94033","Fontenay-sous-Bois",4205,17.32,7090,24273
"94034","Fresnes",1534,14.1,3960,10879
"94037","Gentilly",1664,22.73,2196,7321
"94041","Ivry-sur-Seine",5367,25.45,6501,21087
"94042","Joinville-le-Pont",1007,11.01,2710,9143
"94038","L'Hay-les-Roses",1784,12.4,4173,14389
"94060","La Queue-en-Brie",821,14.72,1634,5577
"94043","Le Kremlin-Bicêtre",1500,14.27,3595,10510
"94058","Le Perreux-sur-Marne",1415,8.45,5032,16736
"94059","Le Plessis-Trévise",954,10.75,2334,8871
"94044","Limeil-Brévannes",1204,14.04,2446,8577
"94046","Maisons-Alfort",2773,10.38,6717,26719
"94047","Mandres-les-Roses",224,9.37,681,2391
"94048","Marolles-en-Brie",235,7.66,742,3069
"94052","Nogent-sur-Marne",1286,7.75,5426,16583
"94053","Noiseau",274,10.7,561,2560
"94054","Orly",1662,20.34,2671,8170
"94055","Ormesson-sur-Marne",366,7.29,1268,5018
"94056","Périgny-sur-Yerres",115,8.53,386,1348
"94065","Rungis",352,10.7,619,3290
"94067","Saint-Mandé",706,6.3,3333,11198
"94068","Saint-Maur-des-Fossés",2949,7.47,9313,39468
"94069","Saint-Maurice",610,9.41,1970,6481
"94070","Santeny",150,7.47,469,2008
"94071","Sucy-en-Brie",1320,9.91,3485,13315
"94073","Thiais",1529,12.38,3371,12351
"94074","Valenton",1055,24.48,1537,4309
"94075","Villecresnes",489,9.4,1144,5201
"94076","Villejuif",4385,21.05,7098,20836
"94078","Villeneuve-Saint-Georges",1592,16.05,4071,9917
"94077","Villeneuve-le-Roi",1252,16.23,2383,7714
"94079","Villiers-sur-Marne",1467,11.94,3760,12290
"94080","Vincennes",2155,8.49,5834,25380
"94081","Vitry-sur-Seine",6713,20.67,11838,32473
"95002","Ableiges",58,10.25,100,566
"95008","Aincourt",44,9.42,91,467
"95011","Ambleville",27,11.34,66,238
"95012","Amenucourt",6,4.69,22,128
"95014","Andilly",103,8.52,282,1209
"95018","Argenteuil",6355,16.46,14498,38610
"95019","Arnouville",618,10.63,1716,5814
"95023","Arronville",32,7.84,77,408
"95024","Arthies",26,14.69,33,177
"95026","Asnières-sur-Oise",175,11.39,387,1537
"95028","Attainville",109,11.77,277,926
"95039","Auvers-sur-Oise",531,12.73,885,4172
"95040","Avernes",57,10.69,90,533
"95042","Baillet-en-France",121,10.14,289,1193
"95046","Banthelu",4,4.6,10,87
"95051","Beauchamp",481,9.77,1429,4924
"95052","Beaumont-sur-Oise",491,11.8,1022,4161
"95055","Bellefontaine",20,8.33,56,240
"95056","Belloy-en-France",78,7.84,272,995
"95058","Bernes-sur-Oise",156,13.73,261,1136
"95059","Berville",15,7.43,45,202
"95060","Bessancourt",403,11.51,993,3501
"95061","Béthemont-la-Forêt",23,8.39,46,274
"95063","Bezons",1938,18.38,3430,10544
"95074","Boisemont",34,7.74,106,439
"95078","Boissy-l'Aillerie",92,9.71,221,947
"95088","Bonneuil-en-France",18,5.83,107,309
"95091","Bouffémont",431,13.87,881,3108
"95094","Bouqueval",12,8.05,29,149
"95101","Bray-et-Lû",25,5.2,122,481
"95102","Bréançon",17,7.42,59,229
"95110","Brignancourt",10,6.8,18,147
"95116","Bruyères-sur-Oise",257,13.93,425,1845
"95119","Buhy",15,7.98,38,188
"95120","Butry-sur-Oise",117,9.69,242,1207
"95127","Cergy",2889,13.21,7410,21877
"95134","Champagne-sur-Oise",265,10.27,792,2581
"95141","Charmont",2,15.38,1,13
"95142","Chars",107,11.04,199,969
"95144","Châtenay-en-France",0,0,7,49
"95149","Chaumontel",200,9.56,553,2091
"95150","Chaussy",48,13.75,83,349
"95151","Chauvry",10,5.85,55,171
"95154","Chennevières-lès-Louvres",20,13.16,33,152
"95157","Chérence",14,9.52,8,147
"95166","Cléry-en-Vexin",31,12.02,41,258
"95169","Commeny",37,14.51,37,255
"95170","Condécourt",29,9.01,52,322
"95176","Cormeilles-en-Parisis",1196,10.62,3349,11263
"95177","Cormeilles-en-Vexin",76,12.4,125,613
"95181","Courcelles-sur-Viosne",8,4.37,31,183
"95183","Courdimanche",347,10.29,765,3371
"95197","Deuil-la-Barre",1276,11.96,3588,10670
"95199","Domont",760,10.14,2057,7497
"95203","Eaubonne",1206,9.86,3730,12227
"95205","Ecouen",508,13.87,1034,3662
"95210","Enghien-les-Bains",405,6.9,1769,5868
"95211","Ennery",123,9.73,226,1264
"95213","Epiais-Rhus",39,9.01,85,433
"95212","Epiais-lès-Louvres",6,11.11,14,54
"95214","Epinay-Champlâtreux",3,7.32,6,41
"95218","Eragny",937,11.57,2495,8099
"95219","Ermont",1564,11.64,4210,13441
"95229","Ezanville",557,11.82,1273,4714
"95241","Fontenay-en-Parisis",111,11.87,202,935
"95250","Fosses",626,13.4,1381,4672
"95252","Franconville",1728,11,4812,15714
"95253","Frémainville",23,7.88,56,292
"95254","Frémécourt",32,9.76,59,328
"95256","Frépillon",160,10.32,409,1550
"95258","Frouville",19,7.17,38,265
"95259","Gadancourt",8,12.5,5,64
"95268","Garges-lès-Gonesse",1771,15.65,4123,11319
"95270","Genainville",33,9.22,79,358
"95271","Génicourt",31,9.51,60,326
"95277","Gonesse",1140,11.56,4005,9864
"95280","Goussainville",1585,14.22,3967,11148
"95282","Gouzangrez",14,12.17,15,115
"95287","Grisy-les-Plâtres",26,6.67,57,390
"95288","Groslay",432,10.98,1078,3934
"95295","Guiry-en-Vexin",13,9.15,14,142
"95298","Haravilliers",25,7.53,62,332
"95301","Haute-Isle",18,9.73,38,185
"95304","Hédouville",8,4.04,29,198
"95306","Herblay",1498,11.1,3908,13501
"95308","Hérouville",38,10.53,59,361
"95309","Hodent",14,10.14,34,138
"95316","Jagny-sous-Bois",15,8.47,33,177
"95323","Jouy-le-Moutier",1145,13.67,2520,8376
"95313","L'Isle-Adam",455,7.17,1177,6344
"95139","La Chapelle-en-Vexin",16,8.47,35,189
"95257","La Frette-sur-Seine",279,10.97,625,2543
"95523","La Roche-Guyon",28,10.98,49,255
"95328","Labbeville",21,5.85,81,359
"95331","Lassy",9,8.26,21,109
"95054","Le Bellay-en-Vexin",18,13.14,24,137
"95303","Le Heaulme",8,6.35,24,126
"95395","Le Mesnil-Aubry",70,13.38,103,523
"95483","Le Perchay",48,14.91,59,322
"95491","Le Plessis-Bouchard",379,9.03,1073,4196
"95492","Le Plessis-Gassot",1,2.7,3,37
"95493","Le Plessis-Luzarches",11,10.58,11,104
"95612","Le Thillay",198,10.65,475,1859
"95341","Livilliers",15,5.98,40,251
"95348","Longuesse",24,6.98,64,344
"95351","Louvres",519,11.67,1667,4449
"95352","Luzarches",248,10.55,555,2351
"95353","Maffliers",92,10.7,223,860
"95355","Magny-en-Vexin",290,10.01,740,2898
"95365","Mareil-en-France",31,8.22,57,377
"95369","Margency",116,6.96,324,1666
"95370","Marines",134,7.58,340,1767
"95371","Marly-la-Ville",440,13.78,816,3193
"95379","Maudétour-en-Vexin",6,4.26,20,141
"95387","Menouville",2,4.26,9,47
"95388","Menucourt",390,13.46,800,2898
"95392","Mériel",311,11.92,738,2608
"95394","Méry-sur-Oise",623,13.19,1292,4723
"95409","Moisselles",50,8.71,146,574
"95422","Montgeroult",36,13.95,59,258
"95424","Montigny-lès-Cormeilles",1207,15.12,2732,7983
"95426","Montlignon",119,7.68,331,1550
"95427","Montmagny",773,13.95,1883,5542
"95428","Montmorency",908,8.7,2353,10436
"95429","Montreuil-sur-Epte",33,11.38,41,290
"95430","Montsoult",233,11.34,406,2054
"95436","Mours",95,12.01,163,791
"95438","Moussy",4,5.97,20,67
"95445","Nerville-la-Forêt",34,9.19,76,370
"95446","Nesles-la-Vallée",106,8.78,238,1207
"95447","Neuilly-en-Vexin",13,9.85,22,132
"95450","Neuville-sur-Oise",73,7.52,176,971
"95452","Nointel",89,16.39,133,543
"95456","Noisy-sur-Oise",34,8.67,62,392
"95459","Nucourt",38,8.48,94,448
"95462","Omerville",12,6,33,200
"95476","Osny",820,10.51,2111,7799
"95480","Parmain",286,8.95,781,3197
"95487","Persan",628,15.41,1327,4074
"95488","Pierrelaye",556,15.53,1023,3581
"95489","Piscop",36,8.74,73,412
"95500","Pontoise",1486,12.17,4289,12209
"95504","Presles",274,12.45,436,2200
"95510","Puiseux-Pontoise",21,7.84,58,268
"95509","Puiseux-en-France",180,9.81,563,1835
"95527","Roissy-en-France",127,10.08,419,1260
"95529","Ronquerolles",45,8.59,76,524
"95535","Sagy",90,12.73,193,707
"95539","Saint-Brice-sous-Forêt",737,11.25,2087,6551
"95541","Saint-Clair-sur-Epte",54,13.14,130,411
"95543","Saint-Cyr-en-Arthies",10,7.52,31,133
"95554","Saint-Gervais",75,11.92,116,629
"95555","Saint-Gratien",1107,11.17,3118,9907
"95563","Saint-Leu-la-Forêt",948,11.35,1908,8355
"95566","Saint-Martin-du-Tertre",193,14.67,368,1316
"95572","Saint-Ouen-l'Aumône",1210,13.17,2866,9186
"95574","Saint-Prix",389,9.29,1098,4188
"95580","Saint-Witz",79,5.17,343,1527
"95582","Sannois",1504,12.08,3750,12455
"95584","Santeuil",47,11.35,63,414
"95585","Sarcelles",2236,11.41,8236,19589
"95592","Seraincourt",59,7.72,160,764
"95594","Seugy",69,11.39,122,606
"95598","Soisy-sous-Montmorency",865,9.92,2887,8718
"95604","Survilliers",203,10.38,468,1956
"95607","Taverny",1600,12.12,4449,13198
"95610","Théméricourt",9,4.97,26,181
"95611","Theuville",0,0,4,18
"95625","Us",68,9.13,178,745
"95627","Vallangoujard",20,4.73,67,423
"95628","Valmondois",69,8.42,171,819
"95633","Vaudherland",2,5.56,11,36
"95637","Vauréal",976,12.08,2469,8078
"95641","Vémars",121,10.42,434,1161
"95651","Vétheuil",31,5.93,89,523
"95652","Viarmes",343,11.63,664,2950
"95656","Vienne-en-Arthies",23,7.54,43,305
"95658","Vigny",54,7.95,135,679
"95660","Villaines-sous-Bois",32,7.94,62,403
"95675","Villeron",36,8.89,73,405
"95676","Villers-en-Arthies",28,8.95,64,313
"95678","Villiers-Adam",47,9.04,71,520
"95680","Villiers-le-Bel",1146,12.79,4083,8962
"95682","Villiers-le-Sec",8,9.52,11,84
"95690","Wy-dit-Joli-Village",18,7.26,30,248
